sample_id,path_number,map_name,roi_origin_px_i,roi_origin_px_j,source_relative_px_i,source_relative_px_j,ground_truth_file,obstacle_map_file,robot_path_file,num_path_steps
sample_00311,4,demo,,,,,sample_00311_gt.npy,sample_00311_obstacles.npy,sample_00311_path_4.csv,50
sample_00311,3,demo,,,,,sample_00311_gt.npy,sample_00311_obstacles.npy,sample_00311_path_3.csv,50
sample_00311,2,demo,,,,,sample_00311_gt.npy,sample_00311_obstacles.npy,sample_00311_path_2.csv,50
sample_00311,0,demo,,,,,sample_00311_gt.npy,sample_00311_obstacles.npy,sample_00311_path_0.csv,50
sample_00311,1,demo,,,,,sample_00311_gt.npy,sample_00311_obstacles.npy,sample_00311_path_1.csv,50
sample_00241,4,demo,,,,,sample_00241_gt.npy,sample_00241_obstacles.npy,sample_00241_path_4.csv,50
sample_00241,2,demo,,,,,sample_00241_gt.npy,sample_00241_obstacles.npy,sample_00241_path_2.csv,50
sample_00241,1,demo,,,,,sample_00241_gt.npy,sample_00241_obstacles.npy,sample_00241_path_1.csv,50
sample_00241,3,demo,,,,,sample_00241_gt.npy,sample_00241_obstacles.npy,sample_00241_path_3.csv,50
sample_00241,0,demo,,,,,sample_00241_gt.npy,sample_00241_obstacles.npy,sample_00241_path_0.csv,50
sample_00067,4,demo,,,,,sample_00067_gt.npy,sample_00067_obstacles.npy,sample_00067_path_4.csv,50
sample_00067,2,demo,,,,,sample_00067_gt.npy,sample_00067_obstacles.npy,sample_00067_path_2.csv,50
sample_00067,1,demo,,,,,sample_00067_gt.npy,sample_00067_obstacles.npy,sample_00067_path_1.csv,50
sample_00067,3,demo,,,,,sample_00067_gt.npy,sample_00067_obstacles.npy,sample_00067_path_3.csv,50
sample_00067,0,demo,,,,,sample_00067_gt.npy,sample_00067_obstacles.npy,sample_00067_path_0.csv,50
sample_00117,2,demo,,,,,sample_00117_gt.npy,sample_00117_obstacles.npy,sample_00117_path_2.csv,50
sample_00117,1,demo,,,,,sample_00117_gt.npy,sample_00117_obstacles.npy,sample_00117_path_1.csv,50
sample_00117,3,demo,,,,,sample_00117_gt.npy,sample_00117_obstacles.npy,sample_00117_path_3.csv,50
sample_00117,0,demo,,,,,sample_00117_gt.npy,sample_00117_obstacles.npy,sample_00117_path_0.csv,50
sample_00117,4,demo,,,,,sample_00117_gt.npy,sample_00117_obstacles.npy,sample_00117_path_4.csv,50
sample_00092,0,demo,,,,,sample_00092_gt.npy,sample_00092_obstacles.npy,sample_00092_path_0.csv,50
sample_00092,3,demo,,,,,sample_00092_gt.npy,sample_00092_obstacles.npy,sample_00092_path_3.csv,50
sample_00092,4,demo,,,,,sample_00092_gt.npy,sample_00092_obstacles.npy,sample_00092_path_4.csv,50
sample_00092,1,demo,,,,,sample_00092_gt.npy,sample_00092_obstacles.npy,sample_00092_path_1.csv,50
sample_00092,2,demo,,,,,sample_00092_gt.npy,sample_00092_obstacles.npy,sample_00092_path_2.csv,50
sample_00042,0,demo,,,,,sample_00042_gt.npy,sample_00042_obstacles.npy,sample_00042_path_0.csv,50
sample_00042,3,demo,,,,,sample_00042_gt.npy,sample_00042_obstacles.npy,sample_00042_path_3.csv,50
sample_00042,2,demo,,,,,sample_00042_gt.npy,sample_00042_obstacles.npy,sample_00042_path_2.csv,50
sample_00042,4,demo,,,,,sample_00042_gt.npy,sample_00042_obstacles.npy,sample_00042_path_4.csv,50
sample_00042,1,demo,,,,,sample_00042_gt.npy,sample_00042_obstacles.npy,sample_00042_path_1.csv,50
sample_00340,4,demo,,,,,sample_00340_gt.npy,sample_00340_obstacles.npy,sample_00340_path_4.csv,50
sample_00340,0,demo,,,,,sample_00340_gt.npy,sample_00340_obstacles.npy,sample_00340_path_0.csv,50
sample_00340,1,demo,,,,,sample_00340_gt.npy,sample_00340_obstacles.npy,sample_00340_path_1.csv,50
sample_00340,2,demo,,,,,sample_00340_gt.npy,sample_00340_obstacles.npy,sample_00340_path_2.csv,50
sample_00340,3,demo,,,,,sample_00340_gt.npy,sample_00340_obstacles.npy,sample_00340_path_3.csv,50
sample_00162,1,demo,,,,,sample_00162_gt.npy,sample_00162_obstacles.npy,sample_00162_path_1.csv,50
sample_00162,4,demo,,,,,sample_00162_gt.npy,sample_00162_obstacles.npy,sample_00162_path_4.csv,50
sample_00162,0,demo,,,,,sample_00162_gt.npy,sample_00162_obstacles.npy,sample_00162_path_0.csv,50
sample_00162,3,demo,,,,,sample_00162_gt.npy,sample_00162_obstacles.npy,sample_00162_path_3.csv,50
sample_00162,2,demo,,,,,sample_00162_gt.npy,sample_00162_obstacles.npy,sample_00162_path_2.csv,50
sample_00336,2,demo,,,,,sample_00336_gt.npy,sample_00336_obstacles.npy,sample_00336_path_2.csv,50
sample_00336,3,demo,,,,,sample_00336_gt.npy,sample_00336_obstacles.npy,sample_00336_path_3.csv,50
sample_00336,1,demo,,,,,sample_00336_gt.npy,sample_00336_obstacles.npy,sample_00336_path_1.csv,50
sample_00336,0,demo,,,,,sample_00336_gt.npy,sample_00336_obstacles.npy,sample_00336_path_0.csv,50
sample_00336,4,demo,,,,,sample_00336_gt.npy,sample_00336_obstacles.npy,sample_00336_path_4.csv,50
sample_00202,4,demo,,,,,sample_00202_gt.npy,sample_00202_obstacles.npy,sample_00202_path_4.csv,50
sample_00202,0,demo,,,,,sample_00202_gt.npy,sample_00202_obstacles.npy,sample_00202_path_0.csv,50
sample_00202,3,demo,,,,,sample_00202_gt.npy,sample_00202_obstacles.npy,sample_00202_path_3.csv,50
sample_00202,1,demo,,,,,sample_00202_gt.npy,sample_00202_obstacles.npy,sample_00202_path_1.csv,50
sample_00202,2,demo,,,,,sample_00202_gt.npy,sample_00202_obstacles.npy,sample_00202_path_2.csv,50
sample_00013,0,demo,,,,,sample_00013_gt.npy,sample_00013_obstacles.npy,sample_00013_path_0.csv,50
sample_00013,4,demo,,,,,sample_00013_gt.npy,sample_00013_obstacles.npy,sample_00013_path_4.csv,50
sample_00013,3,demo,,,,,sample_00013_gt.npy,sample_00013_obstacles.npy,sample_00013_path_3.csv,50
sample_00013,2,demo,,,,,sample_00013_gt.npy,sample_00013_obstacles.npy,sample_00013_path_2.csv,50
sample_00013,1,demo,,,,,sample_00013_gt.npy,sample_00013_obstacles.npy,sample_00013_path_1.csv,50
sample_00272,1,demo,,,,,sample_00272_gt.npy,sample_00272_obstacles.npy,sample_00272_path_1.csv,50
sample_00272,3,demo,,,,,sample_00272_gt.npy,sample_00272_obstacles.npy,sample_00272_path_3.csv,50
sample_00272,2,demo,,,,,sample_00272_gt.npy,sample_00272_obstacles.npy,sample_00272_path_2.csv,50
sample_00272,4,demo,,,,,sample_00272_gt.npy,sample_00272_obstacles.npy,sample_00272_path_4.csv,50
sample_00272,0,demo,,,,,sample_00272_gt.npy,sample_00272_obstacles.npy,sample_00272_path_0.csv,50
sample_00047,3,demo,,,,,sample_00047_gt.npy,sample_00047_obstacles.npy,sample_00047_path_3.csv,50
sample_00047,2,demo,,,,,sample_00047_gt.npy,sample_00047_obstacles.npy,sample_00047_path_2.csv,50
sample_00047,0,demo,,,,,sample_00047_gt.npy,sample_00047_obstacles.npy,sample_00047_path_0.csv,50
sample_00047,1,demo,,,,,sample_00047_gt.npy,sample_00047_obstacles.npy,sample_00047_path_1.csv,50
sample_00047,4,demo,,,,,sample_00047_gt.npy,sample_00047_obstacles.npy,sample_00047_path_4.csv,50
sample_00093,1,demo,,,,,sample_00093_gt.npy,sample_00093_obstacles.npy,sample_00093_path_1.csv,50
sample_00093,3,demo,,,,,sample_00093_gt.npy,sample_00093_obstacles.npy,sample_00093_path_3.csv,50
sample_00093,2,demo,,,,,sample_00093_gt.npy,sample_00093_obstacles.npy,sample_00093_path_2.csv,50
sample_00093,4,demo,,,,,sample_00093_gt.npy,sample_00093_obstacles.npy,sample_00093_path_4.csv,50
sample_00093,0,demo,,,,,sample_00093_gt.npy,sample_00093_obstacles.npy,sample_00093_path_0.csv,50
sample_00045,0,demo,,,,,sample_00045_gt.npy,sample_00045_obstacles.npy,sample_00045_path_0.csv,50
sample_00045,1,demo,,,,,sample_00045_gt.npy,sample_00045_obstacles.npy,sample_00045_path_1.csv,50
sample_00045,3,demo,,,,,sample_00045_gt.npy,sample_00045_obstacles.npy,sample_00045_path_3.csv,50
sample_00045,4,demo,,,,,sample_00045_gt.npy,sample_00045_obstacles.npy,sample_00045_path_4.csv,50
sample_00045,2,demo,,,,,sample_00045_gt.npy,sample_00045_obstacles.npy,sample_00045_path_2.csv,50
sample_00075,0,demo,,,,,sample_00075_gt.npy,sample_00075_obstacles.npy,sample_00075_path_0.csv,50
sample_00075,3,demo,,,,,sample_00075_gt.npy,sample_00075_obstacles.npy,sample_00075_path_3.csv,50
sample_00075,4,demo,,,,,sample_00075_gt.npy,sample_00075_obstacles.npy,sample_00075_path_4.csv,50
sample_00075,1,demo,,,,,sample_00075_gt.npy,sample_00075_obstacles.npy,sample_00075_path_1.csv,50
sample_00075,2,demo,,,,,sample_00075_gt.npy,sample_00075_obstacles.npy,sample_00075_path_2.csv,50
sample_00069,1,demo,,,,,sample_00069_gt.npy,sample_00069_obstacles.npy,sample_00069_path_1.csv,50
sample_00069,2,demo,,,,,sample_00069_gt.npy,sample_00069_obstacles.npy,sample_00069_path_2.csv,50
sample_00069,0,demo,,,,,sample_00069_gt.npy,sample_00069_obstacles.npy,sample_00069_path_0.csv,50
sample_00069,4,demo,,,,,sample_00069_gt.npy,sample_00069_obstacles.npy,sample_00069_path_4.csv,50
sample_00069,3,demo,,,,,sample_00069_gt.npy,sample_00069_obstacles.npy,sample_00069_path_3.csv,50
sample_00110,1,demo,,,,,sample_00110_gt.npy,sample_00110_obstacles.npy,sample_00110_path_1.csv,50
sample_00110,3,demo,,,,,sample_00110_gt.npy,sample_00110_obstacles.npy,sample_00110_path_3.csv,50
sample_00110,0,demo,,,,,sample_00110_gt.npy,sample_00110_obstacles.npy,sample_00110_path_0.csv,50
sample_00110,2,demo,,,,,sample_00110_gt.npy,sample_00110_obstacles.npy,sample_00110_path_2.csv,50
sample_00110,4,demo,,,,,sample_00110_gt.npy,sample_00110_obstacles.npy,sample_00110_path_4.csv,50
sample_00083,3,demo,,,,,sample_00083_gt.npy,sample_00083_obstacles.npy,sample_00083_path_3.csv,50
sample_00083,0,demo,,,,,sample_00083_gt.npy,sample_00083_obstacles.npy,sample_00083_path_0.csv,50
sample_00083,4,demo,,,,,sample_00083_gt.npy,sample_00083_obstacles.npy,sample_00083_path_4.csv,50
sample_00083,2,demo,,,,,sample_00083_gt.npy,sample_00083_obstacles.npy,sample_00083_path_2.csv,50
sample_00083,1,demo,,,,,sample_00083_gt.npy,sample_00083_obstacles.npy,sample_00083_path_1.csv,50
sample_00099,1,demo,,,,,sample_00099_gt.npy,sample_00099_obstacles.npy,sample_00099_path_1.csv,50
sample_00099,4,demo,,,,,sample_00099_gt.npy,sample_00099_obstacles.npy,sample_00099_path_4.csv,50
sample_00099,2,demo,,,,,sample_00099_gt.npy,sample_00099_obstacles.npy,sample_00099_path_2.csv,50
sample_00099,0,demo,,,,,sample_00099_gt.npy,sample_00099_obstacles.npy,sample_00099_path_0.csv,50
sample_00099,3,demo,,,,,sample_00099_gt.npy,sample_00099_obstacles.npy,sample_00099_path_3.csv,50
sample_00274,4,demo,,,,,sample_00274_gt.npy,sample_00274_obstacles.npy,sample_00274_path_4.csv,50
sample_00274,2,demo,,,,,sample_00274_gt.npy,sample_00274_obstacles.npy,sample_00274_path_2.csv,50
sample_00274,1,demo,,,,,sample_00274_gt.npy,sample_00274_obstacles.npy,sample_00274_path_1.csv,50
sample_00274,3,demo,,,,,sample_00274_gt.npy,sample_00274_obstacles.npy,sample_00274_path_3.csv,50
sample_00274,0,demo,,,,,sample_00274_gt.npy,sample_00274_obstacles.npy,sample_00274_path_0.csv,50
sample_00195,0,demo,,,,,sample_00195_gt.npy,sample_00195_obstacles.npy,sample_00195_path_0.csv,50
sample_00195,4,demo,,,,,sample_00195_gt.npy,sample_00195_obstacles.npy,sample_00195_path_4.csv,50
sample_00195,1,demo,,,,,sample_00195_gt.npy,sample_00195_obstacles.npy,sample_00195_path_1.csv,50
sample_00195,3,demo,,,,,sample_00195_gt.npy,sample_00195_obstacles.npy,sample_00195_path_3.csv,50
sample_00195,2,demo,,,,,sample_00195_gt.npy,sample_00195_obstacles.npy,sample_00195_path_2.csv,50
sample_00198,2,demo,,,,,sample_00198_gt.npy,sample_00198_obstacles.npy,sample_00198_path_2.csv,50
sample_00198,4,demo,,,,,sample_00198_gt.npy,sample_00198_obstacles.npy,sample_00198_path_4.csv,50
sample_00198,3,demo,,,,,sample_00198_gt.npy,sample_00198_obstacles.npy,sample_00198_path_3.csv,50
sample_00198,0,demo,,,,,sample_00198_gt.npy,sample_00198_obstacles.npy,sample_00198_path_0.csv,50
sample_00198,1,demo,,,,,sample_00198_gt.npy,sample_00198_obstacles.npy,sample_00198_path_1.csv,50
sample_00105,3,demo,,,,,sample_00105_gt.npy,sample_00105_obstacles.npy,sample_00105_path_3.csv,50
sample_00105,2,demo,,,,,sample_00105_gt.npy,sample_00105_obstacles.npy,sample_00105_path_2.csv,50
sample_00105,1,demo,,,,,sample_00105_gt.npy,sample_00105_obstacles.npy,sample_00105_path_1.csv,50
sample_00105,4,demo,,,,,sample_00105_gt.npy,sample_00105_obstacles.npy,sample_00105_path_4.csv,50
sample_00105,0,demo,,,,,sample_00105_gt.npy,sample_00105_obstacles.npy,sample_00105_path_0.csv,50
sample_00293,0,demo,,,,,sample_00293_gt.npy,sample_00293_obstacles.npy,sample_00293_path_0.csv,50
sample_00293,3,demo,,,,,sample_00293_gt.npy,sample_00293_obstacles.npy,sample_00293_path_3.csv,50
sample_00293,1,demo,,,,,sample_00293_gt.npy,sample_00293_obstacles.npy,sample_00293_path_1.csv,50
sample_00293,2,demo,,,,,sample_00293_gt.npy,sample_00293_obstacles.npy,sample_00293_path_2.csv,50
sample_00293,4,demo,,,,,sample_00293_gt.npy,sample_00293_obstacles.npy,sample_00293_path_4.csv,50
sample_00226,3,demo,,,,,sample_00226_gt.npy,sample_00226_obstacles.npy,sample_00226_path_3.csv,50
sample_00226,1,demo,,,,,sample_00226_gt.npy,sample_00226_obstacles.npy,sample_00226_path_1.csv,50
sample_00226,0,demo,,,,,sample_00226_gt.npy,sample_00226_obstacles.npy,sample_00226_path_0.csv,50
sample_00226,2,demo,,,,,sample_00226_gt.npy,sample_00226_obstacles.npy,sample_00226_path_2.csv,50
sample_00226,4,demo,,,,,sample_00226_gt.npy,sample_00226_obstacles.npy,sample_00226_path_4.csv,50
sample_00216,0,demo,,,,,sample_00216_gt.npy,sample_00216_obstacles.npy,sample_00216_path_0.csv,50
sample_00216,2,demo,,,,,sample_00216_gt.npy,sample_00216_obstacles.npy,sample_00216_path_2.csv,50
sample_00216,1,demo,,,,,sample_00216_gt.npy,sample_00216_obstacles.npy,sample_00216_path_1.csv,50
sample_00216,3,demo,,,,,sample_00216_gt.npy,sample_00216_obstacles.npy,sample_00216_path_3.csv,50
sample_00216,4,demo,,,,,sample_00216_gt.npy,sample_00216_obstacles.npy,sample_00216_path_4.csv,50
sample_00207,3,demo,,,,,sample_00207_gt.npy,sample_00207_obstacles.npy,sample_00207_path_3.csv,50
sample_00207,0,demo,,,,,sample_00207_gt.npy,sample_00207_obstacles.npy,sample_00207_path_0.csv,50
sample_00207,1,demo,,,,,sample_00207_gt.npy,sample_00207_obstacles.npy,sample_00207_path_1.csv,50
sample_00207,4,demo,,,,,sample_00207_gt.npy,sample_00207_obstacles.npy,sample_00207_path_4.csv,50
sample_00207,2,demo,,,,,sample_00207_gt.npy,sample_00207_obstacles.npy,sample_00207_path_2.csv,50
sample_00084,2,demo,,,,,sample_00084_gt.npy,sample_00084_obstacles.npy,sample_00084_path_2.csv,50
sample_00084,0,demo,,,,,sample_00084_gt.npy,sample_00084_obstacles.npy,sample_00084_path_0.csv,50
sample_00084,1,demo,,,,,sample_00084_gt.npy,sample_00084_obstacles.npy,sample_00084_path_1.csv,50
sample_00084,4,demo,,,,,sample_00084_gt.npy,sample_00084_obstacles.npy,sample_00084_path_4.csv,50
sample_00084,3,demo,,,,,sample_00084_gt.npy,sample_00084_obstacles.npy,sample_00084_path_3.csv,50
sample_00304,0,demo,,,,,sample_00304_gt.npy,sample_00304_obstacles.npy,sample_00304_path_0.csv,50
sample_00304,4,demo,,,,,sample_00304_gt.npy,sample_00304_obstacles.npy,sample_00304_path_4.csv,50
sample_00304,1,demo,,,,,sample_00304_gt.npy,sample_00304_obstacles.npy,sample_00304_path_1.csv,50
sample_00304,3,demo,,,,,sample_00304_gt.npy,sample_00304_obstacles.npy,sample_00304_path_3.csv,50
sample_00304,2,demo,,,,,sample_00304_gt.npy,sample_00304_obstacles.npy,sample_00304_path_2.csv,50
sample_00222,4,demo,,,,,sample_00222_gt.npy,sample_00222_obstacles.npy,sample_00222_path_4.csv,50
sample_00222,0,demo,,,,,sample_00222_gt.npy,sample_00222_obstacles.npy,sample_00222_path_0.csv,50
sample_00222,3,demo,,,,,sample_00222_gt.npy,sample_00222_obstacles.npy,sample_00222_path_3.csv,50
sample_00222,1,demo,,,,,sample_00222_gt.npy,sample_00222_obstacles.npy,sample_00222_path_1.csv,50
sample_00222,2,demo,,,,,sample_00222_gt.npy,sample_00222_obstacles.npy,sample_00222_path_2.csv,50
sample_00011,3,demo,,,,,sample_00011_gt.npy,sample_00011_obstacles.npy,sample_00011_path_3.csv,50
sample_00011,2,demo,,,,,sample_00011_gt.npy,sample_00011_obstacles.npy,sample_00011_path_2.csv,50
sample_00011,1,demo,,,,,sample_00011_gt.npy,sample_00011_obstacles.npy,sample_00011_path_1.csv,50
sample_00011,4,demo,,,,,sample_00011_gt.npy,sample_00011_obstacles.npy,sample_00011_path_4.csv,50
sample_00011,0,demo,,,,,sample_00011_gt.npy,sample_00011_obstacles.npy,sample_00011_path_0.csv,50
sample_00251,3,demo,,,,,sample_00251_gt.npy,sample_00251_obstacles.npy,sample_00251_path_3.csv,50
sample_00251,1,demo,,,,,sample_00251_gt.npy,sample_00251_obstacles.npy,sample_00251_path_1.csv,50
sample_00251,4,demo,,,,,sample_00251_gt.npy,sample_00251_obstacles.npy,sample_00251_path_4.csv,50
sample_00251,0,demo,,,,,sample_00251_gt.npy,sample_00251_obstacles.npy,sample_00251_path_0.csv,50
sample_00251,2,demo,,,,,sample_00251_gt.npy,sample_00251_obstacles.npy,sample_00251_path_2.csv,50
sample_00286,4,demo,,,,,sample_00286_gt.npy,sample_00286_obstacles.npy,sample_00286_path_4.csv,50
sample_00286,2,demo,,,,,sample_00286_gt.npy,sample_00286_obstacles.npy,sample_00286_path_2.csv,50
sample_00286,1,demo,,,,,sample_00286_gt.npy,sample_00286_obstacles.npy,sample_00286_path_1.csv,50
sample_00286,0,demo,,,,,sample_00286_gt.npy,sample_00286_obstacles.npy,sample_00286_path_0.csv,50
sample_00286,3,demo,,,,,sample_00286_gt.npy,sample_00286_obstacles.npy,sample_00286_path_3.csv,50
sample_00017,1,demo,,,,,sample_00017_gt.npy,sample_00017_obstacles.npy,sample_00017_path_1.csv,50
sample_00017,3,demo,,,,,sample_00017_gt.npy,sample_00017_obstacles.npy,sample_00017_path_3.csv,50
sample_00017,0,demo,,,,,sample_00017_gt.npy,sample_00017_obstacles.npy,sample_00017_path_0.csv,50
sample_00017,4,demo,,,,,sample_00017_gt.npy,sample_00017_obstacles.npy,sample_00017_path_4.csv,50
sample_00017,2,demo,,,,,sample_00017_gt.npy,sample_00017_obstacles.npy,sample_00017_path_2.csv,50
sample_00002,0,demo,,,,,sample_00002_gt.npy,sample_00002_obstacles.npy,sample_00002_path_0.csv,50
sample_00002,2,demo,,,,,sample_00002_gt.npy,sample_00002_obstacles.npy,sample_00002_path_2.csv,50
sample_00002,3,demo,,,,,sample_00002_gt.npy,sample_00002_obstacles.npy,sample_00002_path_3.csv,50
sample_00002,4,demo,,,,,sample_00002_gt.npy,sample_00002_obstacles.npy,sample_00002_path_4.csv,50
sample_00002,1,demo,,,,,sample_00002_gt.npy,sample_00002_obstacles.npy,sample_00002_path_1.csv,50
sample_00245,3,demo,,,,,sample_00245_gt.npy,sample_00245_obstacles.npy,sample_00245_path_3.csv,50
sample_00245,4,demo,,,,,sample_00245_gt.npy,sample_00245_obstacles.npy,sample_00245_path_4.csv,50
sample_00245,2,demo,,,,,sample_00245_gt.npy,sample_00245_obstacles.npy,sample_00245_path_2.csv,50
sample_00245,1,demo,,,,,sample_00245_gt.npy,sample_00245_obstacles.npy,sample_00245_path_1.csv,50
sample_00245,0,demo,,,,,sample_00245_gt.npy,sample_00245_obstacles.npy,sample_00245_path_0.csv,50
sample_00315,2,demo,,,,,sample_00315_gt.npy,sample_00315_obstacles.npy,sample_00315_path_2.csv,50
sample_00315,3,demo,,,,,sample_00315_gt.npy,sample_00315_obstacles.npy,sample_00315_path_3.csv,50
sample_00315,1,demo,,,,,sample_00315_gt.npy,sample_00315_obstacles.npy,sample_00315_path_1.csv,50
sample_00315,4,demo,,,,,sample_00315_gt.npy,sample_00315_obstacles.npy,sample_00315_path_4.csv,50
sample_00315,0,demo,,,,,sample_00315_gt.npy,sample_00315_obstacles.npy,sample_00315_path_0.csv,50
sample_00029,0,demo,,,,,sample_00029_gt.npy,sample_00029_obstacles.npy,sample_00029_path_0.csv,50
sample_00029,3,demo,,,,,sample_00029_gt.npy,sample_00029_obstacles.npy,sample_00029_path_3.csv,50
sample_00029,2,demo,,,,,sample_00029_gt.npy,sample_00029_obstacles.npy,sample_00029_path_2.csv,50
sample_00029,1,demo,,,,,sample_00029_gt.npy,sample_00029_obstacles.npy,sample_00029_path_1.csv,50
sample_00029,4,demo,,,,,sample_00029_gt.npy,sample_00029_obstacles.npy,sample_00029_path_4.csv,50
sample_00231,1,demo,,,,,sample_00231_gt.npy,sample_00231_obstacles.npy,sample_00231_path_1.csv,50
sample_00231,2,demo,,,,,sample_00231_gt.npy,sample_00231_obstacles.npy,sample_00231_path_2.csv,50
sample_00231,0,demo,,,,,sample_00231_gt.npy,sample_00231_obstacles.npy,sample_00231_path_0.csv,50
sample_00231,4,demo,,,,,sample_00231_gt.npy,sample_00231_obstacles.npy,sample_00231_path_4.csv,50
sample_00231,3,demo,,,,,sample_00231_gt.npy,sample_00231_obstacles.npy,sample_00231_path_3.csv,50
sample_00210,4,demo,,,,,sample_00210_gt.npy,sample_00210_obstacles.npy,sample_00210_path_4.csv,50
sample_00210,1,demo,,,,,sample_00210_gt.npy,sample_00210_obstacles.npy,sample_00210_path_1.csv,50
sample_00210,2,demo,,,,,sample_00210_gt.npy,sample_00210_obstacles.npy,sample_00210_path_2.csv,50
sample_00210,3,demo,,,,,sample_00210_gt.npy,sample_00210_obstacles.npy,sample_00210_path_3.csv,50
sample_00210,0,demo,,,,,sample_00210_gt.npy,sample_00210_obstacles.npy,sample_00210_path_0.csv,50
sample_00027,3,demo,,,,,sample_00027_gt.npy,sample_00027_obstacles.npy,sample_00027_path_3.csv,50
sample_00027,4,demo,,,,,sample_00027_gt.npy,sample_00027_obstacles.npy,sample_00027_path_4.csv,50
sample_00027,0,demo,,,,,sample_00027_gt.npy,sample_00027_obstacles.npy,sample_00027_path_0.csv,50
sample_00027,2,demo,,,,,sample_00027_gt.npy,sample_00027_obstacles.npy,sample_00027_path_2.csv,50
sample_00027,1,demo,,,,,sample_00027_gt.npy,sample_00027_obstacles.npy,sample_00027_path_1.csv,50
sample_00077,4,demo,,,,,sample_00077_gt.npy,sample_00077_obstacles.npy,sample_00077_path_4.csv,50
sample_00077,3,demo,,,,,sample_00077_gt.npy,sample_00077_obstacles.npy,sample_00077_path_3.csv,50
sample_00077,0,demo,,,,,sample_00077_gt.npy,sample_00077_obstacles.npy,sample_00077_path_0.csv,50
sample_00077,1,demo,,,,,sample_00077_gt.npy,sample_00077_obstacles.npy,sample_00077_path_1.csv,50
sample_00077,2,demo,,,,,sample_00077_gt.npy,sample_00077_obstacles.npy,sample_00077_path_2.csv,50
sample_00055,3,demo,,,,,sample_00055_gt.npy,sample_00055_obstacles.npy,sample_00055_path_3.csv,50
sample_00055,2,demo,,,,,sample_00055_gt.npy,sample_00055_obstacles.npy,sample_00055_path_2.csv,50
sample_00055,1,demo,,,,,sample_00055_gt.npy,sample_00055_obstacles.npy,sample_00055_path_1.csv,50
sample_00055,4,demo,,,,,sample_00055_gt.npy,sample_00055_obstacles.npy,sample_00055_path_4.csv,50
sample_00055,0,demo,,,,,sample_00055_gt.npy,sample_00055_obstacles.npy,sample_00055_path_0.csv,50
sample_00125,0,demo,,,,,sample_00125_gt.npy,sample_00125_obstacles.npy,sample_00125_path_0.csv,50
sample_00125,3,demo,,,,,sample_00125_gt.npy,sample_00125_obstacles.npy,sample_00125_path_3.csv,50
sample_00125,4,demo,,,,,sample_00125_gt.npy,sample_00125_obstacles.npy,sample_00125_path_4.csv,50
sample_00125,2,demo,,,,,sample_00125_gt.npy,sample_00125_obstacles.npy,sample_00125_path_2.csv,50
sample_00125,1,demo,,,,,sample_00125_gt.npy,sample_00125_obstacles.npy,sample_00125_path_1.csv,50
sample_00328,0,demo,,,,,sample_00328_gt.npy,sample_00328_obstacles.npy,sample_00328_path_0.csv,50
sample_00328,2,demo,,,,,sample_00328_gt.npy,sample_00328_obstacles.npy,sample_00328_path_2.csv,50
sample_00328,4,demo,,,,,sample_00328_gt.npy,sample_00328_obstacles.npy,sample_00328_path_4.csv,50
sample_00328,1,demo,,,,,sample_00328_gt.npy,sample_00328_obstacles.npy,sample_00328_path_1.csv,50
sample_00328,3,demo,,,,,sample_00328_gt.npy,sample_00328_obstacles.npy,sample_00328_path_3.csv,50
sample_00252,0,demo,,,,,sample_00252_gt.npy,sample_00252_obstacles.npy,sample_00252_path_0.csv,50
sample_00252,3,demo,,,,,sample_00252_gt.npy,sample_00252_obstacles.npy,sample_00252_path_3.csv,50
sample_00252,2,demo,,,,,sample_00252_gt.npy,sample_00252_obstacles.npy,sample_00252_path_2.csv,50
sample_00252,1,demo,,,,,sample_00252_gt.npy,sample_00252_obstacles.npy,sample_00252_path_1.csv,50
sample_00252,4,demo,,,,,sample_00252_gt.npy,sample_00252_obstacles.npy,sample_00252_path_4.csv,50
sample_00197,2,demo,,,,,sample_00197_gt.npy,sample_00197_obstacles.npy,sample_00197_path_2.csv,50
sample_00197,0,demo,,,,,sample_00197_gt.npy,sample_00197_obstacles.npy,sample_00197_path_0.csv,50
sample_00197,4,demo,,,,,sample_00197_gt.npy,sample_00197_obstacles.npy,sample_00197_path_4.csv,50
sample_00197,3,demo,,,,,sample_00197_gt.npy,sample_00197_obstacles.npy,sample_00197_path_3.csv,50
sample_00197,1,demo,,,,,sample_00197_gt.npy,sample_00197_obstacles.npy,sample_00197_path_1.csv,50
sample_00038,3,demo,,,,,sample_00038_gt.npy,sample_00038_obstacles.npy,sample_00038_path_3.csv,50
sample_00038,1,demo,,,,,sample_00038_gt.npy,sample_00038_obstacles.npy,sample_00038_path_1.csv,50
sample_00038,0,demo,,,,,sample_00038_gt.npy,sample_00038_obstacles.npy,sample_00038_path_0.csv,50
sample_00038,2,demo,,,,,sample_00038_gt.npy,sample_00038_obstacles.npy,sample_00038_path_2.csv,50
sample_00038,4,demo,,,,,sample_00038_gt.npy,sample_00038_obstacles.npy,sample_00038_path_4.csv,50
sample_00118,4,demo,,,,,sample_00118_gt.npy,sample_00118_obstacles.npy,sample_00118_path_4.csv,50
sample_00118,3,demo,,,,,sample_00118_gt.npy,sample_00118_obstacles.npy,sample_00118_path_3.csv,50
sample_00118,0,demo,,,,,sample_00118_gt.npy,sample_00118_obstacles.npy,sample_00118_path_0.csv,50
sample_00118,1,demo,,,,,sample_00118_gt.npy,sample_00118_obstacles.npy,sample_00118_path_1.csv,50
sample_00118,2,demo,,,,,sample_00118_gt.npy,sample_00118_obstacles.npy,sample_00118_path_2.csv,50
sample_00022,1,demo,,,,,sample_00022_gt.npy,sample_00022_obstacles.npy,sample_00022_path_1.csv,50
sample_00022,0,demo,,,,,sample_00022_gt.npy,sample_00022_obstacles.npy,sample_00022_path_0.csv,50
sample_00022,3,demo,,,,,sample_00022_gt.npy,sample_00022_obstacles.npy,sample_00022_path_3.csv,50
sample_00022,4,demo,,,,,sample_00022_gt.npy,sample_00022_obstacles.npy,sample_00022_path_4.csv,50
sample_00022,2,demo,,,,,sample_00022_gt.npy,sample_00022_obstacles.npy,sample_00022_path_2.csv,50
sample_00000,1,demo,,,,,sample_00000_gt.npy,sample_00000_obstacles.npy,sample_00000_path_1.csv,50
sample_00000,4,demo,,,,,sample_00000_gt.npy,sample_00000_obstacles.npy,sample_00000_path_4.csv,50
sample_00000,2,demo,,,,,sample_00000_gt.npy,sample_00000_obstacles.npy,sample_00000_path_2.csv,50
sample_00000,3,demo,,,,,sample_00000_gt.npy,sample_00000_obstacles.npy,sample_00000_path_3.csv,50
sample_00000,0,demo,,,,,sample_00000_gt.npy,sample_00000_obstacles.npy,sample_00000_path_0.csv,50
sample_00065,1,demo,,,,,sample_00065_gt.npy,sample_00065_obstacles.npy,sample_00065_path_1.csv,50
sample_00065,4,demo,,,,,sample_00065_gt.npy,sample_00065_obstacles.npy,sample_00065_path_4.csv,50
sample_00065,0,demo,,,,,sample_00065_gt.npy,sample_00065_obstacles.npy,sample_00065_path_0.csv,50
sample_00065,3,demo,,,,,sample_00065_gt.npy,sample_00065_obstacles.npy,sample_00065_path_3.csv,50
sample_00065,2,demo,,,,,sample_00065_gt.npy,sample_00065_obstacles.npy,sample_00065_path_2.csv,50
sample_00161,0,demo,,,,,sample_00161_gt.npy,sample_00161_obstacles.npy,sample_00161_path_0.csv,50
sample_00161,3,demo,,,,,sample_00161_gt.npy,sample_00161_obstacles.npy,sample_00161_path_3.csv,50
sample_00161,1,demo,,,,,sample_00161_gt.npy,sample_00161_obstacles.npy,sample_00161_path_1.csv,50
sample_00161,2,demo,,,,,sample_00161_gt.npy,sample_00161_obstacles.npy,sample_00161_path_2.csv,50
sample_00161,4,demo,,,,,sample_00161_gt.npy,sample_00161_obstacles.npy,sample_00161_path_4.csv,50
sample_00102,1,demo,,,,,sample_00102_gt.npy,sample_00102_obstacles.npy,sample_00102_path_1.csv,50
sample_00102,2,demo,,,,,sample_00102_gt.npy,sample_00102_obstacles.npy,sample_00102_path_2.csv,50
sample_00102,0,demo,,,,,sample_00102_gt.npy,sample_00102_obstacles.npy,sample_00102_path_0.csv,50
sample_00102,4,demo,,,,,sample_00102_gt.npy,sample_00102_obstacles.npy,sample_00102_path_4.csv,50
sample_00102,3,demo,,,,,sample_00102_gt.npy,sample_00102_obstacles.npy,sample_00102_path_3.csv,50
sample_00113,4,demo,,,,,sample_00113_gt.npy,sample_00113_obstacles.npy,sample_00113_path_4.csv,50
sample_00113,0,demo,,,,,sample_00113_gt.npy,sample_00113_obstacles.npy,sample_00113_path_0.csv,50
sample_00113,3,demo,,,,,sample_00113_gt.npy,sample_00113_obstacles.npy,sample_00113_path_3.csv,50
sample_00113,1,demo,,,,,sample_00113_gt.npy,sample_00113_obstacles.npy,sample_00113_path_1.csv,50
sample_00113,2,demo,,,,,sample_00113_gt.npy,sample_00113_obstacles.npy,sample_00113_path_2.csv,50
sample_00246,3,demo,,,,,sample_00246_gt.npy,sample_00246_obstacles.npy,sample_00246_path_3.csv,50
sample_00246,2,demo,,,,,sample_00246_gt.npy,sample_00246_obstacles.npy,sample_00246_path_2.csv,50
sample_00246,1,demo,,,,,sample_00246_gt.npy,sample_00246_obstacles.npy,sample_00246_path_1.csv,50
sample_00246,0,demo,,,,,sample_00246_gt.npy,sample_00246_obstacles.npy,sample_00246_path_0.csv,50
sample_00246,4,demo,,,,,sample_00246_gt.npy,sample_00246_obstacles.npy,sample_00246_path_4.csv,50
sample_00182,2,demo,,,,,sample_00182_gt.npy,sample_00182_obstacles.npy,sample_00182_path_2.csv,50
sample_00182,1,demo,,,,,sample_00182_gt.npy,sample_00182_obstacles.npy,sample_00182_path_1.csv,50
sample_00182,4,demo,,,,,sample_00182_gt.npy,sample_00182_obstacles.npy,sample_00182_path_4.csv,50
sample_00182,3,demo,,,,,sample_00182_gt.npy,sample_00182_obstacles.npy,sample_00182_path_3.csv,50
sample_00182,0,demo,,,,,sample_00182_gt.npy,sample_00182_obstacles.npy,sample_00182_path_0.csv,50
sample_00187,1,demo,,,,,sample_00187_gt.npy,sample_00187_obstacles.npy,sample_00187_path_1.csv,50
sample_00187,4,demo,,,,,sample_00187_gt.npy,sample_00187_obstacles.npy,sample_00187_path_4.csv,50
sample_00187,0,demo,,,,,sample_00187_gt.npy,sample_00187_obstacles.npy,sample_00187_path_0.csv,50
sample_00187,3,demo,,,,,sample_00187_gt.npy,sample_00187_obstacles.npy,sample_00187_path_3.csv,50
sample_00187,2,demo,,,,,sample_00187_gt.npy,sample_00187_obstacles.npy,sample_00187_path_2.csv,50
sample_00235,0,demo,,,,,sample_00235_gt.npy,sample_00235_obstacles.npy,sample_00235_path_0.csv,50
sample_00235,2,demo,,,,,sample_00235_gt.npy,sample_00235_obstacles.npy,sample_00235_path_2.csv,50
sample_00235,4,demo,,,,,sample_00235_gt.npy,sample_00235_obstacles.npy,sample_00235_path_4.csv,50
sample_00235,3,demo,,,,,sample_00235_gt.npy,sample_00235_obstacles.npy,sample_00235_path_3.csv,50
sample_00235,1,demo,,,,,sample_00235_gt.npy,sample_00235_obstacles.npy,sample_00235_path_1.csv,50
sample_00081,4,demo,,,,,sample_00081_gt.npy,sample_00081_obstacles.npy,sample_00081_path_4.csv,50
sample_00081,3,demo,,,,,sample_00081_gt.npy,sample_00081_obstacles.npy,sample_00081_path_3.csv,50
sample_00081,1,demo,,,,,sample_00081_gt.npy,sample_00081_obstacles.npy,sample_00081_path_1.csv,50
sample_00081,2,demo,,,,,sample_00081_gt.npy,sample_00081_obstacles.npy,sample_00081_path_2.csv,50
sample_00081,0,demo,,,,,sample_00081_gt.npy,sample_00081_obstacles.npy,sample_00081_path_0.csv,50
sample_00225,0,demo,,,,,sample_00225_gt.npy,sample_00225_obstacles.npy,sample_00225_path_0.csv,50
sample_00225,3,demo,,,,,sample_00225_gt.npy,sample_00225_obstacles.npy,sample_00225_path_3.csv,50
sample_00225,4,demo,,,,,sample_00225_gt.npy,sample_00225_obstacles.npy,sample_00225_path_4.csv,50
sample_00225,1,demo,,,,,sample_00225_gt.npy,sample_00225_obstacles.npy,sample_00225_path_1.csv,50
sample_00225,2,demo,,,,,sample_00225_gt.npy,sample_00225_obstacles.npy,sample_00225_path_2.csv,50
sample_00308,2,demo,,,,,sample_00308_gt.npy,sample_00308_obstacles.npy,sample_00308_path_2.csv,50
sample_00308,1,demo,,,,,sample_00308_gt.npy,sample_00308_obstacles.npy,sample_00308_path_1.csv,50
sample_00308,0,demo,,,,,sample_00308_gt.npy,sample_00308_obstacles.npy,sample_00308_path_0.csv,50
sample_00308,4,demo,,,,,sample_00308_gt.npy,sample_00308_obstacles.npy,sample_00308_path_4.csv,50
sample_00308,3,demo,,,,,sample_00308_gt.npy,sample_00308_obstacles.npy,sample_00308_path_3.csv,50
sample_00196,3,demo,,,,,sample_00196_gt.npy,sample_00196_obstacles.npy,sample_00196_path_3.csv,50
sample_00196,4,demo,,,,,sample_00196_gt.npy,sample_00196_obstacles.npy,sample_00196_path_4.csv,50
sample_00196,0,demo,,,,,sample_00196_gt.npy,sample_00196_obstacles.npy,sample_00196_path_0.csv,50
sample_00196,1,demo,,,,,sample_00196_gt.npy,sample_00196_obstacles.npy,sample_00196_path_1.csv,50
sample_00196,2,demo,,,,,sample_00196_gt.npy,sample_00196_obstacles.npy,sample_00196_path_2.csv,50
sample_00046,2,demo,,,,,sample_00046_gt.npy,sample_00046_obstacles.npy,sample_00046_path_2.csv,50
sample_00046,0,demo,,,,,sample_00046_gt.npy,sample_00046_obstacles.npy,sample_00046_path_0.csv,50
sample_00046,3,demo,,,,,sample_00046_gt.npy,sample_00046_obstacles.npy,sample_00046_path_3.csv,50
sample_00046,4,demo,,,,,sample_00046_gt.npy,sample_00046_obstacles.npy,sample_00046_path_4.csv,50
sample_00046,1,demo,,,,,sample_00046_gt.npy,sample_00046_obstacles.npy,sample_00046_path_1.csv,50
sample_00156,4,demo,,,,,sample_00156_gt.npy,sample_00156_obstacles.npy,sample_00156_path_4.csv,50
sample_00156,3,demo,,,,,sample_00156_gt.npy,sample_00156_obstacles.npy,sample_00156_path_3.csv,50
sample_00156,2,demo,,,,,sample_00156_gt.npy,sample_00156_obstacles.npy,sample_00156_path_2.csv,50
sample_00156,0,demo,,,,,sample_00156_gt.npy,sample_00156_obstacles.npy,sample_00156_path_0.csv,50
sample_00156,1,demo,,,,,sample_00156_gt.npy,sample_00156_obstacles.npy,sample_00156_path_1.csv,50
sample_00173,3,demo,,,,,sample_00173_gt.npy,sample_00173_obstacles.npy,sample_00173_path_3.csv,50
sample_00173,2,demo,,,,,sample_00173_gt.npy,sample_00173_obstacles.npy,sample_00173_path_2.csv,50
sample_00173,0,demo,,,,,sample_00173_gt.npy,sample_00173_obstacles.npy,sample_00173_path_0.csv,50
sample_00173,1,demo,,,,,sample_00173_gt.npy,sample_00173_obstacles.npy,sample_00173_path_1.csv,50
sample_00173,4,demo,,,,,sample_00173_gt.npy,sample_00173_obstacles.npy,sample_00173_path_4.csv,50
sample_00028,1,demo,,,,,sample_00028_gt.npy,sample_00028_obstacles.npy,sample_00028_path_1.csv,50
sample_00028,3,demo,,,,,sample_00028_gt.npy,sample_00028_obstacles.npy,sample_00028_path_3.csv,50
sample_00028,4,demo,,,,,sample_00028_gt.npy,sample_00028_obstacles.npy,sample_00028_path_4.csv,50
sample_00028,0,demo,,,,,sample_00028_gt.npy,sample_00028_obstacles.npy,sample_00028_path_0.csv,50
sample_00028,2,demo,,,,,sample_00028_gt.npy,sample_00028_obstacles.npy,sample_00028_path_2.csv,50
sample_00306,1,demo,,,,,sample_00306_gt.npy,sample_00306_obstacles.npy,sample_00306_path_1.csv,50
sample_00306,3,demo,,,,,sample_00306_gt.npy,sample_00306_obstacles.npy,sample_00306_path_3.csv,50
sample_00306,0,demo,,,,,sample_00306_gt.npy,sample_00306_obstacles.npy,sample_00306_path_0.csv,50
sample_00306,4,demo,,,,,sample_00306_gt.npy,sample_00306_obstacles.npy,sample_00306_path_4.csv,50
sample_00306,2,demo,,,,,sample_00306_gt.npy,sample_00306_obstacles.npy,sample_00306_path_2.csv,50
sample_00108,3,demo,,,,,sample_00108_gt.npy,sample_00108_obstacles.npy,sample_00108_path_3.csv,50
sample_00108,4,demo,,,,,sample_00108_gt.npy,sample_00108_obstacles.npy,sample_00108_path_4.csv,50
sample_00108,2,demo,,,,,sample_00108_gt.npy,sample_00108_obstacles.npy,sample_00108_path_2.csv,50
sample_00108,0,demo,,,,,sample_00108_gt.npy,sample_00108_obstacles.npy,sample_00108_path_0.csv,50
sample_00108,1,demo,,,,,sample_00108_gt.npy,sample_00108_obstacles.npy,sample_00108_path_1.csv,50
sample_00129,2,demo,,,,,sample_00129_gt.npy,sample_00129_obstacles.npy,sample_00129_path_2.csv,50
sample_00129,1,demo,,,,,sample_00129_gt.npy,sample_00129_obstacles.npy,sample_00129_path_1.csv,50
sample_00129,0,demo,,,,,sample_00129_gt.npy,sample_00129_obstacles.npy,sample_00129_path_0.csv,50
sample_00129,3,demo,,,,,sample_00129_gt.npy,sample_00129_obstacles.npy,sample_00129_path_3.csv,50
sample_00129,4,demo,,,,,sample_00129_gt.npy,sample_00129_obstacles.npy,sample_00129_path_4.csv,50
sample_00097,2,demo,,,,,sample_00097_gt.npy,sample_00097_obstacles.npy,sample_00097_path_2.csv,50
sample_00097,3,demo,,,,,sample_00097_gt.npy,sample_00097_obstacles.npy,sample_00097_path_3.csv,50
sample_00097,0,demo,,,,,sample_00097_gt.npy,sample_00097_obstacles.npy,sample_00097_path_0.csv,50
sample_00097,4,demo,,,,,sample_00097_gt.npy,sample_00097_obstacles.npy,sample_00097_path_4.csv,50
sample_00097,1,demo,,,,,sample_00097_gt.npy,sample_00097_obstacles.npy,sample_00097_path_1.csv,50
sample_00044,0,demo,,,,,sample_00044_gt.npy,sample_00044_obstacles.npy,sample_00044_path_0.csv,50
sample_00044,2,demo,,,,,sample_00044_gt.npy,sample_00044_obstacles.npy,sample_00044_path_2.csv,50
sample_00044,4,demo,,,,,sample_00044_gt.npy,sample_00044_obstacles.npy,sample_00044_path_4.csv,50
sample_00044,1,demo,,,,,sample_00044_gt.npy,sample_00044_obstacles.npy,sample_00044_path_1.csv,50
sample_00044,3,demo,,,,,sample_00044_gt.npy,sample_00044_obstacles.npy,sample_00044_path_3.csv,50
sample_00130,2,demo,,,,,sample_00130_gt.npy,sample_00130_obstacles.npy,sample_00130_path_2.csv,50
sample_00130,3,demo,,,,,sample_00130_gt.npy,sample_00130_obstacles.npy,sample_00130_path_3.csv,50
sample_00130,4,demo,,,,,sample_00130_gt.npy,sample_00130_obstacles.npy,sample_00130_path_4.csv,50
sample_00130,1,demo,,,,,sample_00130_gt.npy,sample_00130_obstacles.npy,sample_00130_path_1.csv,50
sample_00130,0,demo,,,,,sample_00130_gt.npy,sample_00130_obstacles.npy,sample_00130_path_0.csv,50
sample_00086,0,demo,,,,,sample_00086_gt.npy,sample_00086_obstacles.npy,sample_00086_path_0.csv,50
sample_00086,1,demo,,,,,sample_00086_gt.npy,sample_00086_obstacles.npy,sample_00086_path_1.csv,50
sample_00086,2,demo,,,,,sample_00086_gt.npy,sample_00086_obstacles.npy,sample_00086_path_2.csv,50
sample_00086,4,demo,,,,,sample_00086_gt.npy,sample_00086_obstacles.npy,sample_00086_path_4.csv,50
sample_00086,3,demo,,,,,sample_00086_gt.npy,sample_00086_obstacles.npy,sample_00086_path_3.csv,50
sample_00327,3,demo,,,,,sample_00327_gt.npy,sample_00327_obstacles.npy,sample_00327_path_3.csv,50
sample_00327,1,demo,,,,,sample_00327_gt.npy,sample_00327_obstacles.npy,sample_00327_path_1.csv,50
sample_00327,0,demo,,,,,sample_00327_gt.npy,sample_00327_obstacles.npy,sample_00327_path_0.csv,50
sample_00327,4,demo,,,,,sample_00327_gt.npy,sample_00327_obstacles.npy,sample_00327_path_4.csv,50
sample_00327,2,demo,,,,,sample_00327_gt.npy,sample_00327_obstacles.npy,sample_00327_path_2.csv,50
sample_00262,0,demo,,,,,sample_00262_gt.npy,sample_00262_obstacles.npy,sample_00262_path_0.csv,50
sample_00262,1,demo,,,,,sample_00262_gt.npy,sample_00262_obstacles.npy,sample_00262_path_1.csv,50
sample_00262,3,demo,,,,,sample_00262_gt.npy,sample_00262_obstacles.npy,sample_00262_path_3.csv,50
sample_00262,4,demo,,,,,sample_00262_gt.npy,sample_00262_obstacles.npy,sample_00262_path_4.csv,50
sample_00262,2,demo,,,,,sample_00262_gt.npy,sample_00262_obstacles.npy,sample_00262_path_2.csv,50
sample_00134,1,demo,,,,,sample_00134_gt.npy,sample_00134_obstacles.npy,sample_00134_path_1.csv,50
sample_00134,4,demo,,,,,sample_00134_gt.npy,sample_00134_obstacles.npy,sample_00134_path_4.csv,50
sample_00134,2,demo,,,,,sample_00134_gt.npy,sample_00134_obstacles.npy,sample_00134_path_2.csv,50
sample_00134,3,demo,,,,,sample_00134_gt.npy,sample_00134_obstacles.npy,sample_00134_path_3.csv,50
sample_00134,0,demo,,,,,sample_00134_gt.npy,sample_00134_obstacles.npy,sample_00134_path_0.csv,50
sample_00052,1,demo,,,,,sample_00052_gt.npy,sample_00052_obstacles.npy,sample_00052_path_1.csv,50
sample_00052,0,demo,,,,,sample_00052_gt.npy,sample_00052_obstacles.npy,sample_00052_path_0.csv,50
sample_00052,2,demo,,,,,sample_00052_gt.npy,sample_00052_obstacles.npy,sample_00052_path_2.csv,50
sample_00052,3,demo,,,,,sample_00052_gt.npy,sample_00052_obstacles.npy,sample_00052_path_3.csv,50
sample_00052,4,demo,,,,,sample_00052_gt.npy,sample_00052_obstacles.npy,sample_00052_path_4.csv,50
sample_00338,2,demo,,,,,sample_00338_gt.npy,sample_00338_obstacles.npy,sample_00338_path_2.csv,50
sample_00338,3,demo,,,,,sample_00338_gt.npy,sample_00338_obstacles.npy,sample_00338_path_3.csv,50
sample_00338,1,demo,,,,,sample_00338_gt.npy,sample_00338_obstacles.npy,sample_00338_path_1.csv,50
sample_00338,0,demo,,,,,sample_00338_gt.npy,sample_00338_obstacles.npy,sample_00338_path_0.csv,50
sample_00338,4,demo,,,,,sample_00338_gt.npy,sample_00338_obstacles.npy,sample_00338_path_4.csv,50
sample_00016,0,demo,,,,,sample_00016_gt.npy,sample_00016_obstacles.npy,sample_00016_path_0.csv,50
sample_00016,2,demo,,,,,sample_00016_gt.npy,sample_00016_obstacles.npy,sample_00016_path_2.csv,50
sample_00016,1,demo,,,,,sample_00016_gt.npy,sample_00016_obstacles.npy,sample_00016_path_1.csv,50
sample_00016,4,demo,,,,,sample_00016_gt.npy,sample_00016_obstacles.npy,sample_00016_path_4.csv,50
sample_00016,3,demo,,,,,sample_00016_gt.npy,sample_00016_obstacles.npy,sample_00016_path_3.csv,50
sample_00314,4,demo,,,,,sample_00314_gt.npy,sample_00314_obstacles.npy,sample_00314_path_4.csv,50
sample_00314,0,demo,,,,,sample_00314_gt.npy,sample_00314_obstacles.npy,sample_00314_path_0.csv,50
sample_00314,2,demo,,,,,sample_00314_gt.npy,sample_00314_obstacles.npy,sample_00314_path_2.csv,50
sample_00314,1,demo,,,,,sample_00314_gt.npy,sample_00314_obstacles.npy,sample_00314_path_1.csv,50
sample_00314,3,demo,,,,,sample_00314_gt.npy,sample_00314_obstacles.npy,sample_00314_path_3.csv,50
sample_00098,2,demo,,,,,sample_00098_gt.npy,sample_00098_obstacles.npy,sample_00098_path_2.csv,50
sample_00098,0,demo,,,,,sample_00098_gt.npy,sample_00098_obstacles.npy,sample_00098_path_0.csv,50
sample_00098,4,demo,,,,,sample_00098_gt.npy,sample_00098_obstacles.npy,sample_00098_path_4.csv,50
sample_00098,1,demo,,,,,sample_00098_gt.npy,sample_00098_obstacles.npy,sample_00098_path_1.csv,50
sample_00098,3,demo,,,,,sample_00098_gt.npy,sample_00098_obstacles.npy,sample_00098_path_3.csv,50
sample_00208,2,demo,,,,,sample_00208_gt.npy,sample_00208_obstacles.npy,sample_00208_path_2.csv,50
sample_00208,4,demo,,,,,sample_00208_gt.npy,sample_00208_obstacles.npy,sample_00208_path_4.csv,50
sample_00208,3,demo,,,,,sample_00208_gt.npy,sample_00208_obstacles.npy,sample_00208_path_3.csv,50
sample_00208,0,demo,,,,,sample_00208_gt.npy,sample_00208_obstacles.npy,sample_00208_path_0.csv,50
sample_00208,1,demo,,,,,sample_00208_gt.npy,sample_00208_obstacles.npy,sample_00208_path_1.csv,50
sample_00072,4,demo,,,,,sample_00072_gt.npy,sample_00072_obstacles.npy,sample_00072_path_4.csv,50
sample_00072,2,demo,,,,,sample_00072_gt.npy,sample_00072_obstacles.npy,sample_00072_path_2.csv,50
sample_00072,3,demo,,,,,sample_00072_gt.npy,sample_00072_obstacles.npy,sample_00072_path_3.csv,50
sample_00072,0,demo,,,,,sample_00072_gt.npy,sample_00072_obstacles.npy,sample_00072_path_0.csv,50
sample_00072,1,demo,,,,,sample_00072_gt.npy,sample_00072_obstacles.npy,sample_00072_path_1.csv,50
sample_00255,4,demo,,,,,sample_00255_gt.npy,sample_00255_obstacles.npy,sample_00255_path_4.csv,50
sample_00255,0,demo,,,,,sample_00255_gt.npy,sample_00255_obstacles.npy,sample_00255_path_0.csv,50
sample_00255,2,demo,,,,,sample_00255_gt.npy,sample_00255_obstacles.npy,sample_00255_path_2.csv,50
sample_00255,1,demo,,,,,sample_00255_gt.npy,sample_00255_obstacles.npy,sample_00255_path_1.csv,50
sample_00255,3,demo,,,,,sample_00255_gt.npy,sample_00255_obstacles.npy,sample_00255_path_3.csv,50
sample_00064,4,demo,,,,,sample_00064_gt.npy,sample_00064_obstacles.npy,sample_00064_path_4.csv,50
sample_00064,1,demo,,,,,sample_00064_gt.npy,sample_00064_obstacles.npy,sample_00064_path_1.csv,50
sample_00064,2,demo,,,,,sample_00064_gt.npy,sample_00064_obstacles.npy,sample_00064_path_2.csv,50
sample_00064,3,demo,,,,,sample_00064_gt.npy,sample_00064_obstacles.npy,sample_00064_path_3.csv,50
sample_00064,0,demo,,,,,sample_00064_gt.npy,sample_00064_obstacles.npy,sample_00064_path_0.csv,50
sample_00278,4,demo,,,,,sample_00278_gt.npy,sample_00278_obstacles.npy,sample_00278_path_4.csv,50
sample_00278,1,demo,,,,,sample_00278_gt.npy,sample_00278_obstacles.npy,sample_00278_path_1.csv,50
sample_00278,0,demo,,,,,sample_00278_gt.npy,sample_00278_obstacles.npy,sample_00278_path_0.csv,50
sample_00278,3,demo,,,,,sample_00278_gt.npy,sample_00278_obstacles.npy,sample_00278_path_3.csv,50
sample_00278,2,demo,,,,,sample_00278_gt.npy,sample_00278_obstacles.npy,sample_00278_path_2.csv,50
sample_00121,3,demo,,,,,sample_00121_gt.npy,sample_00121_obstacles.npy,sample_00121_path_3.csv,50
sample_00121,1,demo,,,,,sample_00121_gt.npy,sample_00121_obstacles.npy,sample_00121_path_1.csv,50
sample_00121,2,demo,,,,,sample_00121_gt.npy,sample_00121_obstacles.npy,sample_00121_path_2.csv,50
sample_00121,0,demo,,,,,sample_00121_gt.npy,sample_00121_obstacles.npy,sample_00121_path_0.csv,50
sample_00121,4,demo,,,,,sample_00121_gt.npy,sample_00121_obstacles.npy,sample_00121_path_4.csv,50
sample_00176,0,demo,,,,,sample_00176_gt.npy,sample_00176_obstacles.npy,sample_00176_path_0.csv,50
sample_00176,3,demo,,,,,sample_00176_gt.npy,sample_00176_obstacles.npy,sample_00176_path_3.csv,50
sample_00176,1,demo,,,,,sample_00176_gt.npy,sample_00176_obstacles.npy,sample_00176_path_1.csv,50
sample_00176,4,demo,,,,,sample_00176_gt.npy,sample_00176_obstacles.npy,sample_00176_path_4.csv,50
sample_00176,2,demo,,,,,sample_00176_gt.npy,sample_00176_obstacles.npy,sample_00176_path_2.csv,50
sample_00015,1,demo,,,,,sample_00015_gt.npy,sample_00015_obstacles.npy,sample_00015_path_1.csv,50
sample_00015,2,demo,,,,,sample_00015_gt.npy,sample_00015_obstacles.npy,sample_00015_path_2.csv,50
sample_00015,0,demo,,,,,sample_00015_gt.npy,sample_00015_obstacles.npy,sample_00015_path_0.csv,50
sample_00015,4,demo,,,,,sample_00015_gt.npy,sample_00015_obstacles.npy,sample_00015_path_4.csv,50
sample_00015,3,demo,,,,,sample_00015_gt.npy,sample_00015_obstacles.npy,sample_00015_path_3.csv,50
sample_00218,1,demo,,,,,sample_00218_gt.npy,sample_00218_obstacles.npy,sample_00218_path_1.csv,50
sample_00218,4,demo,,,,,sample_00218_gt.npy,sample_00218_obstacles.npy,sample_00218_path_4.csv,50
sample_00218,0,demo,,,,,sample_00218_gt.npy,sample_00218_obstacles.npy,sample_00218_path_0.csv,50
sample_00218,3,demo,,,,,sample_00218_gt.npy,sample_00218_obstacles.npy,sample_00218_path_3.csv,50
sample_00218,2,demo,,,,,sample_00218_gt.npy,sample_00218_obstacles.npy,sample_00218_path_2.csv,50
sample_00145,0,demo,,,,,sample_00145_gt.npy,sample_00145_obstacles.npy,sample_00145_path_0.csv,50
sample_00145,4,demo,,,,,sample_00145_gt.npy,sample_00145_obstacles.npy,sample_00145_path_4.csv,50
sample_00145,3,demo,,,,,sample_00145_gt.npy,sample_00145_obstacles.npy,sample_00145_path_3.csv,50
sample_00145,2,demo,,,,,sample_00145_gt.npy,sample_00145_obstacles.npy,sample_00145_path_2.csv,50
sample_00145,1,demo,,,,,sample_00145_gt.npy,sample_00145_obstacles.npy,sample_00145_path_1.csv,50
sample_00076,2,demo,,,,,sample_00076_gt.npy,sample_00076_obstacles.npy,sample_00076_path_2.csv,50
sample_00076,3,demo,,,,,sample_00076_gt.npy,sample_00076_obstacles.npy,sample_00076_path_3.csv,50
sample_00076,0,demo,,,,,sample_00076_gt.npy,sample_00076_obstacles.npy,sample_00076_path_0.csv,50
sample_00076,1,demo,,,,,sample_00076_gt.npy,sample_00076_obstacles.npy,sample_00076_path_1.csv,50
sample_00076,4,demo,,,,,sample_00076_gt.npy,sample_00076_obstacles.npy,sample_00076_path_4.csv,50
sample_00020,3,demo,,,,,sample_00020_gt.npy,sample_00020_obstacles.npy,sample_00020_path_3.csv,50
sample_00020,2,demo,,,,,sample_00020_gt.npy,sample_00020_obstacles.npy,sample_00020_path_2.csv,50
sample_00020,0,demo,,,,,sample_00020_gt.npy,sample_00020_obstacles.npy,sample_00020_path_0.csv,50
sample_00020,4,demo,,,,,sample_00020_gt.npy,sample_00020_obstacles.npy,sample_00020_path_4.csv,50
sample_00020,1,demo,,,,,sample_00020_gt.npy,sample_00020_obstacles.npy,sample_00020_path_1.csv,50
sample_00339,4,demo,,,,,sample_00339_gt.npy,sample_00339_obstacles.npy,sample_00339_path_4.csv,50
sample_00339,0,demo,,,,,sample_00339_gt.npy,sample_00339_obstacles.npy,sample_00339_path_0.csv,50
sample_00339,2,demo,,,,,sample_00339_gt.npy,sample_00339_obstacles.npy,sample_00339_path_2.csv,50
sample_00339,1,demo,,,,,sample_00339_gt.npy,sample_00339_obstacles.npy,sample_00339_path_1.csv,50
sample_00339,3,demo,,,,,sample_00339_gt.npy,sample_00339_obstacles.npy,sample_00339_path_3.csv,50
sample_00143,3,demo,,,,,sample_00143_gt.npy,sample_00143_obstacles.npy,sample_00143_path_3.csv,50
sample_00143,1,demo,,,,,sample_00143_gt.npy,sample_00143_obstacles.npy,sample_00143_path_1.csv,50
sample_00143,4,demo,,,,,sample_00143_gt.npy,sample_00143_obstacles.npy,sample_00143_path_4.csv,50
sample_00143,0,demo,,,,,sample_00143_gt.npy,sample_00143_obstacles.npy,sample_00143_path_0.csv,50
sample_00143,2,demo,,,,,sample_00143_gt.npy,sample_00143_obstacles.npy,sample_00143_path_2.csv,50
sample_00025,0,demo,,,,,sample_00025_gt.npy,sample_00025_obstacles.npy,sample_00025_path_0.csv,50
sample_00025,3,demo,,,,,sample_00025_gt.npy,sample_00025_obstacles.npy,sample_00025_path_3.csv,50
sample_00025,4,demo,,,,,sample_00025_gt.npy,sample_00025_obstacles.npy,sample_00025_path_4.csv,50
sample_00025,1,demo,,,,,sample_00025_gt.npy,sample_00025_obstacles.npy,sample_00025_path_1.csv,50
sample_00025,2,demo,,,,,sample_00025_gt.npy,sample_00025_obstacles.npy,sample_00025_path_2.csv,50
sample_00250,0,demo,,,,,sample_00250_gt.npy,sample_00250_obstacles.npy,sample_00250_path_0.csv,50
sample_00250,2,demo,,,,,sample_00250_gt.npy,sample_00250_obstacles.npy,sample_00250_path_2.csv,50
sample_00250,4,demo,,,,,sample_00250_gt.npy,sample_00250_obstacles.npy,sample_00250_path_4.csv,50
sample_00250,1,demo,,,,,sample_00250_gt.npy,sample_00250_obstacles.npy,sample_00250_path_1.csv,50
sample_00250,3,demo,,,,,sample_00250_gt.npy,sample_00250_obstacles.npy,sample_00250_path_3.csv,50
sample_00215,4,demo,,,,,sample_00215_gt.npy,sample_00215_obstacles.npy,sample_00215_path_4.csv,50
sample_00215,0,demo,,,,,sample_00215_gt.npy,sample_00215_obstacles.npy,sample_00215_path_0.csv,50
sample_00215,2,demo,,,,,sample_00215_gt.npy,sample_00215_obstacles.npy,sample_00215_path_2.csv,50
sample_00215,3,demo,,,,,sample_00215_gt.npy,sample_00215_obstacles.npy,sample_00215_path_3.csv,50
sample_00215,1,demo,,,,,sample_00215_gt.npy,sample_00215_obstacles.npy,sample_00215_path_1.csv,50
sample_00189,2,demo,,,,,sample_00189_gt.npy,sample_00189_obstacles.npy,sample_00189_path_2.csv,50
sample_00189,4,demo,,,,,sample_00189_gt.npy,sample_00189_obstacles.npy,sample_00189_path_4.csv,50
sample_00189,1,demo,,,,,sample_00189_gt.npy,sample_00189_obstacles.npy,sample_00189_path_1.csv,50
sample_00189,3,demo,,,,,sample_00189_gt.npy,sample_00189_obstacles.npy,sample_00189_path_3.csv,50
sample_00189,0,demo,,,,,sample_00189_gt.npy,sample_00189_obstacles.npy,sample_00189_path_0.csv,50
sample_00014,2,demo,,,,,sample_00014_gt.npy,sample_00014_obstacles.npy,sample_00014_path_2.csv,50
sample_00014,1,demo,,,,,sample_00014_gt.npy,sample_00014_obstacles.npy,sample_00014_path_1.csv,50
sample_00014,4,demo,,,,,sample_00014_gt.npy,sample_00014_obstacles.npy,sample_00014_path_4.csv,50
sample_00014,3,demo,,,,,sample_00014_gt.npy,sample_00014_obstacles.npy,sample_00014_path_3.csv,50
sample_00014,0,demo,,,,,sample_00014_gt.npy,sample_00014_obstacles.npy,sample_00014_path_0.csv,50
sample_00333,4,demo,,,,,sample_00333_gt.npy,sample_00333_obstacles.npy,sample_00333_path_4.csv,50
sample_00333,3,demo,,,,,sample_00333_gt.npy,sample_00333_obstacles.npy,sample_00333_path_3.csv,50
sample_00333,1,demo,,,,,sample_00333_gt.npy,sample_00333_obstacles.npy,sample_00333_path_1.csv,50
sample_00333,0,demo,,,,,sample_00333_gt.npy,sample_00333_obstacles.npy,sample_00333_path_0.csv,50
sample_00333,2,demo,,,,,sample_00333_gt.npy,sample_00333_obstacles.npy,sample_00333_path_2.csv,50
sample_00223,4,demo,,,,,sample_00223_gt.npy,sample_00223_obstacles.npy,sample_00223_path_4.csv,50
sample_00223,3,demo,,,,,sample_00223_gt.npy,sample_00223_obstacles.npy,sample_00223_path_3.csv,50
sample_00223,2,demo,,,,,sample_00223_gt.npy,sample_00223_obstacles.npy,sample_00223_path_2.csv,50
sample_00223,0,demo,,,,,sample_00223_gt.npy,sample_00223_obstacles.npy,sample_00223_path_0.csv,50
sample_00223,1,demo,,,,,sample_00223_gt.npy,sample_00223_obstacles.npy,sample_00223_path_1.csv,50
sample_00320,1,demo,,,,,sample_00320_gt.npy,sample_00320_obstacles.npy,sample_00320_path_1.csv,50
sample_00320,3,demo,,,,,sample_00320_gt.npy,sample_00320_obstacles.npy,sample_00320_path_3.csv,50
sample_00320,0,demo,,,,,sample_00320_gt.npy,sample_00320_obstacles.npy,sample_00320_path_0.csv,50
sample_00320,4,demo,,,,,sample_00320_gt.npy,sample_00320_obstacles.npy,sample_00320_path_4.csv,50
sample_00320,2,demo,,,,,sample_00320_gt.npy,sample_00320_obstacles.npy,sample_00320_path_2.csv,50
sample_00131,4,demo,,,,,sample_00131_gt.npy,sample_00131_obstacles.npy,sample_00131_path_4.csv,50
sample_00131,3,demo,,,,,sample_00131_gt.npy,sample_00131_obstacles.npy,sample_00131_path_3.csv,50
sample_00131,0,demo,,,,,sample_00131_gt.npy,sample_00131_obstacles.npy,sample_00131_path_0.csv,50
sample_00131,2,demo,,,,,sample_00131_gt.npy,sample_00131_obstacles.npy,sample_00131_path_2.csv,50
sample_00131,1,demo,,,,,sample_00131_gt.npy,sample_00131_obstacles.npy,sample_00131_path_1.csv,50
sample_00115,3,demo,,,,,sample_00115_gt.npy,sample_00115_obstacles.npy,sample_00115_path_3.csv,50
sample_00115,2,demo,,,,,sample_00115_gt.npy,sample_00115_obstacles.npy,sample_00115_path_2.csv,50
sample_00115,4,demo,,,,,sample_00115_gt.npy,sample_00115_obstacles.npy,sample_00115_path_4.csv,50
sample_00115,0,demo,,,,,sample_00115_gt.npy,sample_00115_obstacles.npy,sample_00115_path_0.csv,50
sample_00115,1,demo,,,,,sample_00115_gt.npy,sample_00115_obstacles.npy,sample_00115_path_1.csv,50
sample_00154,3,demo,,,,,sample_00154_gt.npy,sample_00154_obstacles.npy,sample_00154_path_3.csv,50
sample_00154,4,demo,,,,,sample_00154_gt.npy,sample_00154_obstacles.npy,sample_00154_path_4.csv,50
sample_00154,2,demo,,,,,sample_00154_gt.npy,sample_00154_obstacles.npy,sample_00154_path_2.csv,50
sample_00154,0,demo,,,,,sample_00154_gt.npy,sample_00154_obstacles.npy,sample_00154_path_0.csv,50
sample_00154,1,demo,,,,,sample_00154_gt.npy,sample_00154_obstacles.npy,sample_00154_path_1.csv,50
sample_00316,1,demo,,,,,sample_00316_gt.npy,sample_00316_obstacles.npy,sample_00316_path_1.csv,50
sample_00316,3,demo,,,,,sample_00316_gt.npy,sample_00316_obstacles.npy,sample_00316_path_3.csv,50
sample_00316,4,demo,,,,,sample_00316_gt.npy,sample_00316_obstacles.npy,sample_00316_path_4.csv,50
sample_00316,2,demo,,,,,sample_00316_gt.npy,sample_00316_obstacles.npy,sample_00316_path_2.csv,50
sample_00316,0,demo,,,,,sample_00316_gt.npy,sample_00316_obstacles.npy,sample_00316_path_0.csv,50
sample_00177,1,demo,,,,,sample_00177_gt.npy,sample_00177_obstacles.npy,sample_00177_path_1.csv,50
sample_00177,0,demo,,,,,sample_00177_gt.npy,sample_00177_obstacles.npy,sample_00177_path_0.csv,50
sample_00177,3,demo,,,,,sample_00177_gt.npy,sample_00177_obstacles.npy,sample_00177_path_3.csv,50
sample_00177,2,demo,,,,,sample_00177_gt.npy,sample_00177_obstacles.npy,sample_00177_path_2.csv,50
sample_00177,4,demo,,,,,sample_00177_gt.npy,sample_00177_obstacles.npy,sample_00177_path_4.csv,50
sample_00281,4,demo,,,,,sample_00281_gt.npy,sample_00281_obstacles.npy,sample_00281_path_4.csv,50
sample_00281,2,demo,,,,,sample_00281_gt.npy,sample_00281_obstacles.npy,sample_00281_path_2.csv,50
sample_00281,0,demo,,,,,sample_00281_gt.npy,sample_00281_obstacles.npy,sample_00281_path_0.csv,50
sample_00281,3,demo,,,,,sample_00281_gt.npy,sample_00281_obstacles.npy,sample_00281_path_3.csv,50
sample_00281,1,demo,,,,,sample_00281_gt.npy,sample_00281_obstacles.npy,sample_00281_path_1.csv,50
sample_00031,3,demo,,,,,sample_00031_gt.npy,sample_00031_obstacles.npy,sample_00031_path_3.csv,50
sample_00031,4,demo,,,,,sample_00031_gt.npy,sample_00031_obstacles.npy,sample_00031_path_4.csv,50
sample_00031,0,demo,,,,,sample_00031_gt.npy,sample_00031_obstacles.npy,sample_00031_path_0.csv,50
sample_00031,1,demo,,,,,sample_00031_gt.npy,sample_00031_obstacles.npy,sample_00031_path_1.csv,50
sample_00031,2,demo,,,,,sample_00031_gt.npy,sample_00031_obstacles.npy,sample_00031_path_2.csv,50
sample_00331,1,demo,,,,,sample_00331_gt.npy,sample_00331_obstacles.npy,sample_00331_path_1.csv,50
sample_00331,2,demo,,,,,sample_00331_gt.npy,sample_00331_obstacles.npy,sample_00331_path_2.csv,50
sample_00331,3,demo,,,,,sample_00331_gt.npy,sample_00331_obstacles.npy,sample_00331_path_3.csv,50
sample_00331,0,demo,,,,,sample_00331_gt.npy,sample_00331_obstacles.npy,sample_00331_path_0.csv,50
sample_00331,4,demo,,,,,sample_00331_gt.npy,sample_00331_obstacles.npy,sample_00331_path_4.csv,50
sample_00273,0,demo,,,,,sample_00273_gt.npy,sample_00273_obstacles.npy,sample_00273_path_0.csv,50
sample_00273,4,demo,,,,,sample_00273_gt.npy,sample_00273_obstacles.npy,sample_00273_path_4.csv,50
sample_00273,3,demo,,,,,sample_00273_gt.npy,sample_00273_obstacles.npy,sample_00273_path_3.csv,50
sample_00273,2,demo,,,,,sample_00273_gt.npy,sample_00273_obstacles.npy,sample_00273_path_2.csv,50
sample_00273,1,demo,,,,,sample_00273_gt.npy,sample_00273_obstacles.npy,sample_00273_path_1.csv,50
sample_00005,4,demo,,,,,sample_00005_gt.npy,sample_00005_obstacles.npy,sample_00005_path_4.csv,50
sample_00005,1,demo,,,,,sample_00005_gt.npy,sample_00005_obstacles.npy,sample_00005_path_1.csv,50
sample_00005,3,demo,,,,,sample_00005_gt.npy,sample_00005_obstacles.npy,sample_00005_path_3.csv,50
sample_00005,0,demo,,,,,sample_00005_gt.npy,sample_00005_obstacles.npy,sample_00005_path_0.csv,50
sample_00005,2,demo,,,,,sample_00005_gt.npy,sample_00005_obstacles.npy,sample_00005_path_2.csv,50
sample_00082,1,demo,,,,,sample_00082_gt.npy,sample_00082_obstacles.npy,sample_00082_path_1.csv,50
sample_00082,4,demo,,,,,sample_00082_gt.npy,sample_00082_obstacles.npy,sample_00082_path_4.csv,50
sample_00082,3,demo,,,,,sample_00082_gt.npy,sample_00082_obstacles.npy,sample_00082_path_3.csv,50
sample_00082,0,demo,,,,,sample_00082_gt.npy,sample_00082_obstacles.npy,sample_00082_path_0.csv,50
sample_00082,2,demo,,,,,sample_00082_gt.npy,sample_00082_obstacles.npy,sample_00082_path_2.csv,50
sample_00178,4,demo,,,,,sample_00178_gt.npy,sample_00178_obstacles.npy,sample_00178_path_4.csv,50
sample_00178,1,demo,,,,,sample_00178_gt.npy,sample_00178_obstacles.npy,sample_00178_path_1.csv,50
sample_00178,0,demo,,,,,sample_00178_gt.npy,sample_00178_obstacles.npy,sample_00178_path_0.csv,50
sample_00178,2,demo,,,,,sample_00178_gt.npy,sample_00178_obstacles.npy,sample_00178_path_2.csv,50
sample_00178,3,demo,,,,,sample_00178_gt.npy,sample_00178_obstacles.npy,sample_00178_path_3.csv,50
sample_00247,0,demo,,,,,sample_00247_gt.npy,sample_00247_obstacles.npy,sample_00247_path_0.csv,50
sample_00247,3,demo,,,,,sample_00247_gt.npy,sample_00247_obstacles.npy,sample_00247_path_3.csv,50
sample_00247,4,demo,,,,,sample_00247_gt.npy,sample_00247_obstacles.npy,sample_00247_path_4.csv,50
sample_00247,1,demo,,,,,sample_00247_gt.npy,sample_00247_obstacles.npy,sample_00247_path_1.csv,50
sample_00247,2,demo,,,,,sample_00247_gt.npy,sample_00247_obstacles.npy,sample_00247_path_2.csv,50
sample_00201,4,demo,,,,,sample_00201_gt.npy,sample_00201_obstacles.npy,sample_00201_path_4.csv,50
sample_00201,3,demo,,,,,sample_00201_gt.npy,sample_00201_obstacles.npy,sample_00201_path_3.csv,50
sample_00201,2,demo,,,,,sample_00201_gt.npy,sample_00201_obstacles.npy,sample_00201_path_2.csv,50
sample_00201,0,demo,,,,,sample_00201_gt.npy,sample_00201_obstacles.npy,sample_00201_path_0.csv,50
sample_00201,1,demo,,,,,sample_00201_gt.npy,sample_00201_obstacles.npy,sample_00201_path_1.csv,50
sample_00133,0,demo,,,,,sample_00133_gt.npy,sample_00133_obstacles.npy,sample_00133_path_0.csv,50
sample_00133,4,demo,,,,,sample_00133_gt.npy,sample_00133_obstacles.npy,sample_00133_path_4.csv,50
sample_00133,2,demo,,,,,sample_00133_gt.npy,sample_00133_obstacles.npy,sample_00133_path_2.csv,50
sample_00133,1,demo,,,,,sample_00133_gt.npy,sample_00133_obstacles.npy,sample_00133_path_1.csv,50
sample_00133,3,demo,,,,,sample_00133_gt.npy,sample_00133_obstacles.npy,sample_00133_path_3.csv,50
sample_00158,4,demo,,,,,sample_00158_gt.npy,sample_00158_obstacles.npy,sample_00158_path_4.csv,50
sample_00158,0,demo,,,,,sample_00158_gt.npy,sample_00158_obstacles.npy,sample_00158_path_0.csv,50
sample_00158,3,demo,,,,,sample_00158_gt.npy,sample_00158_obstacles.npy,sample_00158_path_3.csv,50
sample_00158,1,demo,,,,,sample_00158_gt.npy,sample_00158_obstacles.npy,sample_00158_path_1.csv,50
sample_00158,2,demo,,,,,sample_00158_gt.npy,sample_00158_obstacles.npy,sample_00158_path_2.csv,50
sample_00080,1,demo,,,,,sample_00080_gt.npy,sample_00080_obstacles.npy,sample_00080_path_1.csv,50
sample_00080,0,demo,,,,,sample_00080_gt.npy,sample_00080_obstacles.npy,sample_00080_path_0.csv,50
sample_00080,3,demo,,,,,sample_00080_gt.npy,sample_00080_obstacles.npy,sample_00080_path_3.csv,50
sample_00080,2,demo,,,,,sample_00080_gt.npy,sample_00080_obstacles.npy,sample_00080_path_2.csv,50
sample_00080,4,demo,,,,,sample_00080_gt.npy,sample_00080_obstacles.npy,sample_00080_path_4.csv,50
sample_00132,4,demo,,,,,sample_00132_gt.npy,sample_00132_obstacles.npy,sample_00132_path_4.csv,50
sample_00132,2,demo,,,,,sample_00132_gt.npy,sample_00132_obstacles.npy,sample_00132_path_2.csv,50
sample_00132,0,demo,,,,,sample_00132_gt.npy,sample_00132_obstacles.npy,sample_00132_path_0.csv,50
sample_00132,1,demo,,,,,sample_00132_gt.npy,sample_00132_obstacles.npy,sample_00132_path_1.csv,50
sample_00132,3,demo,,,,,sample_00132_gt.npy,sample_00132_obstacles.npy,sample_00132_path_3.csv,50
sample_00026,3,demo,,,,,sample_00026_gt.npy,sample_00026_obstacles.npy,sample_00026_path_3.csv,50
sample_00026,0,demo,,,,,sample_00026_gt.npy,sample_00026_obstacles.npy,sample_00026_path_0.csv,50
sample_00026,2,demo,,,,,sample_00026_gt.npy,sample_00026_obstacles.npy,sample_00026_path_2.csv,50
sample_00026,1,demo,,,,,sample_00026_gt.npy,sample_00026_obstacles.npy,sample_00026_path_1.csv,50
sample_00026,4,demo,,,,,sample_00026_gt.npy,sample_00026_obstacles.npy,sample_00026_path_4.csv,50
sample_00219,3,demo,,,,,sample_00219_gt.npy,sample_00219_obstacles.npy,sample_00219_path_3.csv,50
sample_00219,4,demo,,,,,sample_00219_gt.npy,sample_00219_obstacles.npy,sample_00219_path_4.csv,50
sample_00219,2,demo,,,,,sample_00219_gt.npy,sample_00219_obstacles.npy,sample_00219_path_2.csv,50
sample_00219,1,demo,,,,,sample_00219_gt.npy,sample_00219_obstacles.npy,sample_00219_path_1.csv,50
sample_00219,0,demo,,,,,sample_00219_gt.npy,sample_00219_obstacles.npy,sample_00219_path_0.csv,50
sample_00106,1,demo,,,,,sample_00106_gt.npy,sample_00106_obstacles.npy,sample_00106_path_1.csv,50
sample_00106,2,demo,,,,,sample_00106_gt.npy,sample_00106_obstacles.npy,sample_00106_path_2.csv,50
sample_00106,3,demo,,,,,sample_00106_gt.npy,sample_00106_obstacles.npy,sample_00106_path_3.csv,50
sample_00106,0,demo,,,,,sample_00106_gt.npy,sample_00106_obstacles.npy,sample_00106_path_0.csv,50
sample_00106,4,demo,,,,,sample_00106_gt.npy,sample_00106_obstacles.npy,sample_00106_path_4.csv,50
sample_00288,0,demo,,,,,sample_00288_gt.npy,sample_00288_obstacles.npy,sample_00288_path_0.csv,50
sample_00288,4,demo,,,,,sample_00288_gt.npy,sample_00288_obstacles.npy,sample_00288_path_4.csv,50
sample_00288,1,demo,,,,,sample_00288_gt.npy,sample_00288_obstacles.npy,sample_00288_path_1.csv,50
sample_00288,2,demo,,,,,sample_00288_gt.npy,sample_00288_obstacles.npy,sample_00288_path_2.csv,50
sample_00288,3,demo,,,,,sample_00288_gt.npy,sample_00288_obstacles.npy,sample_00288_path_3.csv,50
sample_00265,3,demo,,,,,sample_00265_gt.npy,sample_00265_obstacles.npy,sample_00265_path_3.csv,50
sample_00265,1,demo,,,,,sample_00265_gt.npy,sample_00265_obstacles.npy,sample_00265_path_1.csv,50
sample_00265,4,demo,,,,,sample_00265_gt.npy,sample_00265_obstacles.npy,sample_00265_path_4.csv,50
sample_00265,0,demo,,,,,sample_00265_gt.npy,sample_00265_obstacles.npy,sample_00265_path_0.csv,50
sample_00265,2,demo,,,,,sample_00265_gt.npy,sample_00265_obstacles.npy,sample_00265_path_2.csv,50
sample_00085,2,demo,,,,,sample_00085_gt.npy,sample_00085_obstacles.npy,sample_00085_path_2.csv,50
sample_00085,4,demo,,,,,sample_00085_gt.npy,sample_00085_obstacles.npy,sample_00085_path_4.csv,50
sample_00085,3,demo,,,,,sample_00085_gt.npy,sample_00085_obstacles.npy,sample_00085_path_3.csv,50
sample_00085,1,demo,,,,,sample_00085_gt.npy,sample_00085_obstacles.npy,sample_00085_path_1.csv,50
sample_00085,0,demo,,,,,sample_00085_gt.npy,sample_00085_obstacles.npy,sample_00085_path_0.csv,50
sample_00248,4,demo,,,,,sample_00248_gt.npy,sample_00248_obstacles.npy,sample_00248_path_4.csv,50
sample_00248,0,demo,,,,,sample_00248_gt.npy,sample_00248_obstacles.npy,sample_00248_path_0.csv,50
sample_00248,1,demo,,,,,sample_00248_gt.npy,sample_00248_obstacles.npy,sample_00248_path_1.csv,50
sample_00248,2,demo,,,,,sample_00248_gt.npy,sample_00248_obstacles.npy,sample_00248_path_2.csv,50
sample_00248,3,demo,,,,,sample_00248_gt.npy,sample_00248_obstacles.npy,sample_00248_path_3.csv,50
sample_00299,3,demo,,,,,sample_00299_gt.npy,sample_00299_obstacles.npy,sample_00299_path_3.csv,50
sample_00299,2,demo,,,,,sample_00299_gt.npy,sample_00299_obstacles.npy,sample_00299_path_2.csv,50
sample_00299,1,demo,,,,,sample_00299_gt.npy,sample_00299_obstacles.npy,sample_00299_path_1.csv,50
sample_00299,4,demo,,,,,sample_00299_gt.npy,sample_00299_obstacles.npy,sample_00299_path_4.csv,50
sample_00299,0,demo,,,,,sample_00299_gt.npy,sample_00299_obstacles.npy,sample_00299_path_0.csv,50
sample_00211,1,demo,,,,,sample_00211_gt.npy,sample_00211_obstacles.npy,sample_00211_path_1.csv,50
sample_00211,0,demo,,,,,sample_00211_gt.npy,sample_00211_obstacles.npy,sample_00211_path_0.csv,50
sample_00211,3,demo,,,,,sample_00211_gt.npy,sample_00211_obstacles.npy,sample_00211_path_3.csv,50
sample_00211,4,demo,,,,,sample_00211_gt.npy,sample_00211_obstacles.npy,sample_00211_path_4.csv,50
sample_00211,2,demo,,,,,sample_00211_gt.npy,sample_00211_obstacles.npy,sample_00211_path_2.csv,50
sample_00280,2,demo,,,,,sample_00280_gt.npy,sample_00280_obstacles.npy,sample_00280_path_2.csv,50
sample_00280,3,demo,,,,,sample_00280_gt.npy,sample_00280_obstacles.npy,sample_00280_path_3.csv,50
sample_00280,0,demo,,,,,sample_00280_gt.npy,sample_00280_obstacles.npy,sample_00280_path_0.csv,50
sample_00280,1,demo,,,,,sample_00280_gt.npy,sample_00280_obstacles.npy,sample_00280_path_1.csv,50
sample_00280,4,demo,,,,,sample_00280_gt.npy,sample_00280_obstacles.npy,sample_00280_path_4.csv,50
sample_00270,4,demo,,,,,sample_00270_gt.npy,sample_00270_obstacles.npy,sample_00270_path_4.csv,50
sample_00270,1,demo,,,,,sample_00270_gt.npy,sample_00270_obstacles.npy,sample_00270_path_1.csv,50
sample_00270,3,demo,,,,,sample_00270_gt.npy,sample_00270_obstacles.npy,sample_00270_path_3.csv,50
sample_00270,2,demo,,,,,sample_00270_gt.npy,sample_00270_obstacles.npy,sample_00270_path_2.csv,50
sample_00270,0,demo,,,,,sample_00270_gt.npy,sample_00270_obstacles.npy,sample_00270_path_0.csv,50
sample_00036,4,demo,,,,,sample_00036_gt.npy,sample_00036_obstacles.npy,sample_00036_path_4.csv,50
sample_00036,1,demo,,,,,sample_00036_gt.npy,sample_00036_obstacles.npy,sample_00036_path_1.csv,50
sample_00036,3,demo,,,,,sample_00036_gt.npy,sample_00036_obstacles.npy,sample_00036_path_3.csv,50
sample_00036,0,demo,,,,,sample_00036_gt.npy,sample_00036_obstacles.npy,sample_00036_path_0.csv,50
sample_00036,2,demo,,,,,sample_00036_gt.npy,sample_00036_obstacles.npy,sample_00036_path_2.csv,50
sample_00032,1,demo,,,,,sample_00032_gt.npy,sample_00032_obstacles.npy,sample_00032_path_1.csv,50
sample_00032,3,demo,,,,,sample_00032_gt.npy,sample_00032_obstacles.npy,sample_00032_path_3.csv,50
sample_00032,4,demo,,,,,sample_00032_gt.npy,sample_00032_obstacles.npy,sample_00032_path_4.csv,50
sample_00032,2,demo,,,,,sample_00032_gt.npy,sample_00032_obstacles.npy,sample_00032_path_2.csv,50
sample_00032,0,demo,,,,,sample_00032_gt.npy,sample_00032_obstacles.npy,sample_00032_path_0.csv,50
sample_00240,2,demo,,,,,sample_00240_gt.npy,sample_00240_obstacles.npy,sample_00240_path_2.csv,50
sample_00240,3,demo,,,,,sample_00240_gt.npy,sample_00240_obstacles.npy,sample_00240_path_3.csv,50
sample_00240,4,demo,,,,,sample_00240_gt.npy,sample_00240_obstacles.npy,sample_00240_path_4.csv,50
sample_00240,0,demo,,,,,sample_00240_gt.npy,sample_00240_obstacles.npy,sample_00240_path_0.csv,50
sample_00240,1,demo,,,,,sample_00240_gt.npy,sample_00240_obstacles.npy,sample_00240_path_1.csv,50
sample_00087,4,demo,,,,,sample_00087_gt.npy,sample_00087_obstacles.npy,sample_00087_path_4.csv,50
sample_00087,1,demo,,,,,sample_00087_gt.npy,sample_00087_obstacles.npy,sample_00087_path_1.csv,50
sample_00087,0,demo,,,,,sample_00087_gt.npy,sample_00087_obstacles.npy,sample_00087_path_0.csv,50
sample_00087,3,demo,,,,,sample_00087_gt.npy,sample_00087_obstacles.npy,sample_00087_path_3.csv,50
sample_00087,2,demo,,,,,sample_00087_gt.npy,sample_00087_obstacles.npy,sample_00087_path_2.csv,50
sample_00302,0,demo,,,,,sample_00302_gt.npy,sample_00302_obstacles.npy,sample_00302_path_0.csv,50
sample_00302,1,demo,,,,,sample_00302_gt.npy,sample_00302_obstacles.npy,sample_00302_path_1.csv,50
sample_00302,3,demo,,,,,sample_00302_gt.npy,sample_00302_obstacles.npy,sample_00302_path_3.csv,50
sample_00302,4,demo,,,,,sample_00302_gt.npy,sample_00302_obstacles.npy,sample_00302_path_4.csv,50
sample_00302,2,demo,,,,,sample_00302_gt.npy,sample_00302_obstacles.npy,sample_00302_path_2.csv,50
sample_00206,2,demo,,,,,sample_00206_gt.npy,sample_00206_obstacles.npy,sample_00206_path_2.csv,50
sample_00206,3,demo,,,,,sample_00206_gt.npy,sample_00206_obstacles.npy,sample_00206_path_3.csv,50
sample_00206,1,demo,,,,,sample_00206_gt.npy,sample_00206_obstacles.npy,sample_00206_path_1.csv,50
sample_00206,4,demo,,,,,sample_00206_gt.npy,sample_00206_obstacles.npy,sample_00206_path_4.csv,50
sample_00206,0,demo,,,,,sample_00206_gt.npy,sample_00206_obstacles.npy,sample_00206_path_0.csv,50
sample_00114,0,demo,,,,,sample_00114_gt.npy,sample_00114_obstacles.npy,sample_00114_path_0.csv,50
sample_00114,2,demo,,,,,sample_00114_gt.npy,sample_00114_obstacles.npy,sample_00114_path_2.csv,50
sample_00114,4,demo,,,,,sample_00114_gt.npy,sample_00114_obstacles.npy,sample_00114_path_4.csv,50
sample_00114,1,demo,,,,,sample_00114_gt.npy,sample_00114_obstacles.npy,sample_00114_path_1.csv,50
sample_00114,3,demo,,,,,sample_00114_gt.npy,sample_00114_obstacles.npy,sample_00114_path_3.csv,50
sample_00019,1,demo,,,,,sample_00019_gt.npy,sample_00019_obstacles.npy,sample_00019_path_1.csv,50
sample_00019,2,demo,,,,,sample_00019_gt.npy,sample_00019_obstacles.npy,sample_00019_path_2.csv,50
sample_00019,3,demo,,,,,sample_00019_gt.npy,sample_00019_obstacles.npy,sample_00019_path_3.csv,50
sample_00019,0,demo,,,,,sample_00019_gt.npy,sample_00019_obstacles.npy,sample_00019_path_0.csv,50
sample_00019,4,demo,,,,,sample_00019_gt.npy,sample_00019_obstacles.npy,sample_00019_path_4.csv,50
sample_00152,3,demo,,,,,sample_00152_gt.npy,sample_00152_obstacles.npy,sample_00152_path_3.csv,50
sample_00152,1,demo,,,,,sample_00152_gt.npy,sample_00152_obstacles.npy,sample_00152_path_1.csv,50
sample_00152,2,demo,,,,,sample_00152_gt.npy,sample_00152_obstacles.npy,sample_00152_path_2.csv,50
sample_00152,4,demo,,,,,sample_00152_gt.npy,sample_00152_obstacles.npy,sample_00152_path_4.csv,50
sample_00152,0,demo,,,,,sample_00152_gt.npy,sample_00152_obstacles.npy,sample_00152_path_0.csv,50
sample_00324,1,demo,,,,,sample_00324_gt.npy,sample_00324_obstacles.npy,sample_00324_path_1.csv,50
sample_00324,4,demo,,,,,sample_00324_gt.npy,sample_00324_obstacles.npy,sample_00324_path_4.csv,50
sample_00324,0,demo,,,,,sample_00324_gt.npy,sample_00324_obstacles.npy,sample_00324_path_0.csv,50
sample_00324,2,demo,,,,,sample_00324_gt.npy,sample_00324_obstacles.npy,sample_00324_path_2.csv,50
sample_00324,3,demo,,,,,sample_00324_gt.npy,sample_00324_obstacles.npy,sample_00324_path_3.csv,50
sample_00319,1,demo,,,,,sample_00319_gt.npy,sample_00319_obstacles.npy,sample_00319_path_1.csv,50
sample_00319,0,demo,,,,,sample_00319_gt.npy,sample_00319_obstacles.npy,sample_00319_path_0.csv,50
sample_00319,3,demo,,,,,sample_00319_gt.npy,sample_00319_obstacles.npy,sample_00319_path_3.csv,50
sample_00319,2,demo,,,,,sample_00319_gt.npy,sample_00319_obstacles.npy,sample_00319_path_2.csv,50
sample_00319,4,demo,,,,,sample_00319_gt.npy,sample_00319_obstacles.npy,sample_00319_path_4.csv,50
sample_00183,3,demo,,,,,sample_00183_gt.npy,sample_00183_obstacles.npy,sample_00183_path_3.csv,50
sample_00183,2,demo,,,,,sample_00183_gt.npy,sample_00183_obstacles.npy,sample_00183_path_2.csv,50
sample_00183,0,demo,,,,,sample_00183_gt.npy,sample_00183_obstacles.npy,sample_00183_path_0.csv,50
sample_00183,1,demo,,,,,sample_00183_gt.npy,sample_00183_obstacles.npy,sample_00183_path_1.csv,50
sample_00183,4,demo,,,,,sample_00183_gt.npy,sample_00183_obstacles.npy,sample_00183_path_4.csv,50
sample_00021,3,demo,,,,,sample_00021_gt.npy,sample_00021_obstacles.npy,sample_00021_path_3.csv,50
sample_00021,0,demo,,,,,sample_00021_gt.npy,sample_00021_obstacles.npy,sample_00021_path_0.csv,50
sample_00021,1,demo,,,,,sample_00021_gt.npy,sample_00021_obstacles.npy,sample_00021_path_1.csv,50
sample_00021,2,demo,,,,,sample_00021_gt.npy,sample_00021_obstacles.npy,sample_00021_path_2.csv,50
sample_00021,4,demo,,,,,sample_00021_gt.npy,sample_00021_obstacles.npy,sample_00021_path_4.csv,50
sample_00122,2,demo,,,,,sample_00122_gt.npy,sample_00122_obstacles.npy,sample_00122_path_2.csv,50
sample_00122,3,demo,,,,,sample_00122_gt.npy,sample_00122_obstacles.npy,sample_00122_path_3.csv,50
sample_00122,4,demo,,,,,sample_00122_gt.npy,sample_00122_obstacles.npy,sample_00122_path_4.csv,50
sample_00122,1,demo,,,,,sample_00122_gt.npy,sample_00122_obstacles.npy,sample_00122_path_1.csv,50
sample_00122,0,demo,,,,,sample_00122_gt.npy,sample_00122_obstacles.npy,sample_00122_path_0.csv,50
sample_00260,1,demo,,,,,sample_00260_gt.npy,sample_00260_obstacles.npy,sample_00260_path_1.csv,50
sample_00260,4,demo,,,,,sample_00260_gt.npy,sample_00260_obstacles.npy,sample_00260_path_4.csv,50
sample_00260,2,demo,,,,,sample_00260_gt.npy,sample_00260_obstacles.npy,sample_00260_path_2.csv,50
sample_00260,3,demo,,,,,sample_00260_gt.npy,sample_00260_obstacles.npy,sample_00260_path_3.csv,50
sample_00260,0,demo,,,,,sample_00260_gt.npy,sample_00260_obstacles.npy,sample_00260_path_0.csv,50
sample_00165,3,demo,,,,,sample_00165_gt.npy,sample_00165_obstacles.npy,sample_00165_path_3.csv,50
sample_00165,1,demo,,,,,sample_00165_gt.npy,sample_00165_obstacles.npy,sample_00165_path_1.csv,50
sample_00165,0,demo,,,,,sample_00165_gt.npy,sample_00165_obstacles.npy,sample_00165_path_0.csv,50
sample_00165,2,demo,,,,,sample_00165_gt.npy,sample_00165_obstacles.npy,sample_00165_path_2.csv,50
sample_00165,4,demo,,,,,sample_00165_gt.npy,sample_00165_obstacles.npy,sample_00165_path_4.csv,50
sample_00141,2,demo,,,,,sample_00141_gt.npy,sample_00141_obstacles.npy,sample_00141_path_2.csv,50
sample_00141,3,demo,,,,,sample_00141_gt.npy,sample_00141_obstacles.npy,sample_00141_path_3.csv,50
sample_00141,0,demo,,,,,sample_00141_gt.npy,sample_00141_obstacles.npy,sample_00141_path_0.csv,50
sample_00141,4,demo,,,,,sample_00141_gt.npy,sample_00141_obstacles.npy,sample_00141_path_4.csv,50
sample_00141,1,demo,,,,,sample_00141_gt.npy,sample_00141_obstacles.npy,sample_00141_path_1.csv,50
sample_00035,2,demo,,,,,sample_00035_gt.npy,sample_00035_obstacles.npy,sample_00035_path_2.csv,50
sample_00035,3,demo,,,,,sample_00035_gt.npy,sample_00035_obstacles.npy,sample_00035_path_3.csv,50
sample_00035,1,demo,,,,,sample_00035_gt.npy,sample_00035_obstacles.npy,sample_00035_path_1.csv,50
sample_00035,0,demo,,,,,sample_00035_gt.npy,sample_00035_obstacles.npy,sample_00035_path_0.csv,50
sample_00035,4,demo,,,,,sample_00035_gt.npy,sample_00035_obstacles.npy,sample_00035_path_4.csv,50
sample_00181,3,demo,,,,,sample_00181_gt.npy,sample_00181_obstacles.npy,sample_00181_path_3.csv,50
sample_00181,2,demo,,,,,sample_00181_gt.npy,sample_00181_obstacles.npy,sample_00181_path_2.csv,50
sample_00181,0,demo,,,,,sample_00181_gt.npy,sample_00181_obstacles.npy,sample_00181_path_0.csv,50
sample_00181,4,demo,,,,,sample_00181_gt.npy,sample_00181_obstacles.npy,sample_00181_path_4.csv,50
sample_00181,1,demo,,,,,sample_00181_gt.npy,sample_00181_obstacles.npy,sample_00181_path_1.csv,50
sample_00228,2,demo,,,,,sample_00228_gt.npy,sample_00228_obstacles.npy,sample_00228_path_2.csv,50
sample_00228,1,demo,,,,,sample_00228_gt.npy,sample_00228_obstacles.npy,sample_00228_path_1.csv,50
sample_00228,3,demo,,,,,sample_00228_gt.npy,sample_00228_obstacles.npy,sample_00228_path_3.csv,50
sample_00228,0,demo,,,,,sample_00228_gt.npy,sample_00228_obstacles.npy,sample_00228_path_0.csv,50
sample_00228,4,demo,,,,,sample_00228_gt.npy,sample_00228_obstacles.npy,sample_00228_path_4.csv,50
sample_00261,4,demo,,,,,sample_00261_gt.npy,sample_00261_obstacles.npy,sample_00261_path_4.csv,50
sample_00261,0,demo,,,,,sample_00261_gt.npy,sample_00261_obstacles.npy,sample_00261_path_0.csv,50
sample_00261,1,demo,,,,,sample_00261_gt.npy,sample_00261_obstacles.npy,sample_00261_path_1.csv,50
sample_00261,3,demo,,,,,sample_00261_gt.npy,sample_00261_obstacles.npy,sample_00261_path_3.csv,50
sample_00261,2,demo,,,,,sample_00261_gt.npy,sample_00261_obstacles.npy,sample_00261_path_2.csv,50
sample_00018,0,demo,,,,,sample_00018_gt.npy,sample_00018_obstacles.npy,sample_00018_path_0.csv,50
sample_00018,1,demo,,,,,sample_00018_gt.npy,sample_00018_obstacles.npy,sample_00018_path_1.csv,50
sample_00018,2,demo,,,,,sample_00018_gt.npy,sample_00018_obstacles.npy,sample_00018_path_2.csv,50
sample_00018,4,demo,,,,,sample_00018_gt.npy,sample_00018_obstacles.npy,sample_00018_path_4.csv,50
sample_00018,3,demo,,,,,sample_00018_gt.npy,sample_00018_obstacles.npy,sample_00018_path_3.csv,50
sample_00192,1,demo,,,,,sample_00192_gt.npy,sample_00192_obstacles.npy,sample_00192_path_1.csv,50
sample_00192,0,demo,,,,,sample_00192_gt.npy,sample_00192_obstacles.npy,sample_00192_path_0.csv,50
sample_00192,2,demo,,,,,sample_00192_gt.npy,sample_00192_obstacles.npy,sample_00192_path_2.csv,50
sample_00192,4,demo,,,,,sample_00192_gt.npy,sample_00192_obstacles.npy,sample_00192_path_4.csv,50
sample_00192,3,demo,,,,,sample_00192_gt.npy,sample_00192_obstacles.npy,sample_00192_path_3.csv,50
sample_00120,3,demo,,,,,sample_00120_gt.npy,sample_00120_obstacles.npy,sample_00120_path_3.csv,50
sample_00120,0,demo,,,,,sample_00120_gt.npy,sample_00120_obstacles.npy,sample_00120_path_0.csv,50
sample_00120,2,demo,,,,,sample_00120_gt.npy,sample_00120_obstacles.npy,sample_00120_path_2.csv,50
sample_00120,1,demo,,,,,sample_00120_gt.npy,sample_00120_obstacles.npy,sample_00120_path_1.csv,50
sample_00120,4,demo,,,,,sample_00120_gt.npy,sample_00120_obstacles.npy,sample_00120_path_4.csv,50
sample_00209,3,demo,,,,,sample_00209_gt.npy,sample_00209_obstacles.npy,sample_00209_path_3.csv,50
sample_00209,1,demo,,,,,sample_00209_gt.npy,sample_00209_obstacles.npy,sample_00209_path_1.csv,50
sample_00209,4,demo,,,,,sample_00209_gt.npy,sample_00209_obstacles.npy,sample_00209_path_4.csv,50
sample_00209,2,demo,,,,,sample_00209_gt.npy,sample_00209_obstacles.npy,sample_00209_path_2.csv,50
sample_00209,0,demo,,,,,sample_00209_gt.npy,sample_00209_obstacles.npy,sample_00209_path_0.csv,50
sample_00096,1,demo,,,,,sample_00096_gt.npy,sample_00096_obstacles.npy,sample_00096_path_1.csv,50
sample_00096,3,demo,,,,,sample_00096_gt.npy,sample_00096_obstacles.npy,sample_00096_path_3.csv,50
sample_00096,0,demo,,,,,sample_00096_gt.npy,sample_00096_obstacles.npy,sample_00096_path_0.csv,50
sample_00096,2,demo,,,,,sample_00096_gt.npy,sample_00096_obstacles.npy,sample_00096_path_2.csv,50
sample_00096,4,demo,,,,,sample_00096_gt.npy,sample_00096_obstacles.npy,sample_00096_path_4.csv,50
sample_00062,4,demo,,,,,sample_00062_gt.npy,sample_00062_obstacles.npy,sample_00062_path_4.csv,50
sample_00062,1,demo,,,,,sample_00062_gt.npy,sample_00062_obstacles.npy,sample_00062_path_1.csv,50
sample_00062,0,demo,,,,,sample_00062_gt.npy,sample_00062_obstacles.npy,sample_00062_path_0.csv,50
sample_00062,3,demo,,,,,sample_00062_gt.npy,sample_00062_obstacles.npy,sample_00062_path_3.csv,50
sample_00062,2,demo,,,,,sample_00062_gt.npy,sample_00062_obstacles.npy,sample_00062_path_2.csv,50
sample_00050,0,demo,,,,,sample_00050_gt.npy,sample_00050_obstacles.npy,sample_00050_path_0.csv,50
sample_00050,4,demo,,,,,sample_00050_gt.npy,sample_00050_obstacles.npy,sample_00050_path_4.csv,50
sample_00050,1,demo,,,,,sample_00050_gt.npy,sample_00050_obstacles.npy,sample_00050_path_1.csv,50
sample_00050,3,demo,,,,,sample_00050_gt.npy,sample_00050_obstacles.npy,sample_00050_path_3.csv,50
sample_00050,2,demo,,,,,sample_00050_gt.npy,sample_00050_obstacles.npy,sample_00050_path_2.csv,50
sample_00268,4,demo,,,,,sample_00268_gt.npy,sample_00268_obstacles.npy,sample_00268_path_4.csv,50
sample_00268,3,demo,,,,,sample_00268_gt.npy,sample_00268_obstacles.npy,sample_00268_path_3.csv,50
sample_00268,1,demo,,,,,sample_00268_gt.npy,sample_00268_obstacles.npy,sample_00268_path_1.csv,50
sample_00268,2,demo,,,,,sample_00268_gt.npy,sample_00268_obstacles.npy,sample_00268_path_2.csv,50
sample_00268,0,demo,,,,,sample_00268_gt.npy,sample_00268_obstacles.npy,sample_00268_path_0.csv,50
sample_00159,3,demo,,,,,sample_00159_gt.npy,sample_00159_obstacles.npy,sample_00159_path_3.csv,50
sample_00159,0,demo,,,,,sample_00159_gt.npy,sample_00159_obstacles.npy,sample_00159_path_0.csv,50
sample_00159,4,demo,,,,,sample_00159_gt.npy,sample_00159_obstacles.npy,sample_00159_path_4.csv,50
sample_00159,2,demo,,,,,sample_00159_gt.npy,sample_00159_obstacles.npy,sample_00159_path_2.csv,50
sample_00159,1,demo,,,,,sample_00159_gt.npy,sample_00159_obstacles.npy,sample_00159_path_1.csv,50
sample_00275,2,demo,,,,,sample_00275_gt.npy,sample_00275_obstacles.npy,sample_00275_path_2.csv,50
sample_00275,0,demo,,,,,sample_00275_gt.npy,sample_00275_obstacles.npy,sample_00275_path_0.csv,50
sample_00275,4,demo,,,,,sample_00275_gt.npy,sample_00275_obstacles.npy,sample_00275_path_4.csv,50
sample_00275,3,demo,,,,,sample_00275_gt.npy,sample_00275_obstacles.npy,sample_00275_path_3.csv,50
sample_00275,1,demo,,,,,sample_00275_gt.npy,sample_00275_obstacles.npy,sample_00275_path_1.csv,50
sample_00271,2,demo,,,,,sample_00271_gt.npy,sample_00271_obstacles.npy,sample_00271_path_2.csv,50
sample_00271,4,demo,,,,,sample_00271_gt.npy,sample_00271_obstacles.npy,sample_00271_path_4.csv,50
sample_00271,3,demo,,,,,sample_00271_gt.npy,sample_00271_obstacles.npy,sample_00271_path_3.csv,50
sample_00271,0,demo,,,,,sample_00271_gt.npy,sample_00271_obstacles.npy,sample_00271_path_0.csv,50
sample_00271,1,demo,,,,,sample_00271_gt.npy,sample_00271_obstacles.npy,sample_00271_path_1.csv,50
sample_00049,1,demo,,,,,sample_00049_gt.npy,sample_00049_obstacles.npy,sample_00049_path_1.csv,50
sample_00049,0,demo,,,,,sample_00049_gt.npy,sample_00049_obstacles.npy,sample_00049_path_0.csv,50
sample_00049,3,demo,,,,,sample_00049_gt.npy,sample_00049_obstacles.npy,sample_00049_path_3.csv,50
sample_00049,4,demo,,,,,sample_00049_gt.npy,sample_00049_obstacles.npy,sample_00049_path_4.csv,50
sample_00049,2,demo,,,,,sample_00049_gt.npy,sample_00049_obstacles.npy,sample_00049_path_2.csv,50
sample_00007,1,demo,,,,,sample_00007_gt.npy,sample_00007_obstacles.npy,sample_00007_path_1.csv,50
sample_00007,3,demo,,,,,sample_00007_gt.npy,sample_00007_obstacles.npy,sample_00007_path_3.csv,50
sample_00007,2,demo,,,,,sample_00007_gt.npy,sample_00007_obstacles.npy,sample_00007_path_2.csv,50
sample_00007,0,demo,,,,,sample_00007_gt.npy,sample_00007_obstacles.npy,sample_00007_path_0.csv,50
sample_00007,4,demo,,,,,sample_00007_gt.npy,sample_00007_obstacles.npy,sample_00007_path_4.csv,50
sample_00305,0,demo,,,,,sample_00305_gt.npy,sample_00305_obstacles.npy,sample_00305_path_0.csv,50
sample_00305,4,demo,,,,,sample_00305_gt.npy,sample_00305_obstacles.npy,sample_00305_path_4.csv,50
sample_00305,3,demo,,,,,sample_00305_gt.npy,sample_00305_obstacles.npy,sample_00305_path_3.csv,50
sample_00305,1,demo,,,,,sample_00305_gt.npy,sample_00305_obstacles.npy,sample_00305_path_1.csv,50
sample_00305,2,demo,,,,,sample_00305_gt.npy,sample_00305_obstacles.npy,sample_00305_path_2.csv,50
sample_00321,0,demo,,,,,sample_00321_gt.npy,sample_00321_obstacles.npy,sample_00321_path_0.csv,50
sample_00321,4,demo,,,,,sample_00321_gt.npy,sample_00321_obstacles.npy,sample_00321_path_4.csv,50
sample_00321,3,demo,,,,,sample_00321_gt.npy,sample_00321_obstacles.npy,sample_00321_path_3.csv,50
sample_00321,1,demo,,,,,sample_00321_gt.npy,sample_00321_obstacles.npy,sample_00321_path_1.csv,50
sample_00321,2,demo,,,,,sample_00321_gt.npy,sample_00321_obstacles.npy,sample_00321_path_2.csv,50
sample_00297,1,demo,,,,,sample_00297_gt.npy,sample_00297_obstacles.npy,sample_00297_path_1.csv,50
sample_00297,3,demo,,,,,sample_00297_gt.npy,sample_00297_obstacles.npy,sample_00297_path_3.csv,50
sample_00297,0,demo,,,,,sample_00297_gt.npy,sample_00297_obstacles.npy,sample_00297_path_0.csv,50
sample_00297,2,demo,,,,,sample_00297_gt.npy,sample_00297_obstacles.npy,sample_00297_path_2.csv,50
sample_00297,4,demo,,,,,sample_00297_gt.npy,sample_00297_obstacles.npy,sample_00297_path_4.csv,50
sample_00101,0,demo,,,,,sample_00101_gt.npy,sample_00101_obstacles.npy,sample_00101_path_0.csv,50
sample_00101,3,demo,,,,,sample_00101_gt.npy,sample_00101_obstacles.npy,sample_00101_path_3.csv,50
sample_00101,2,demo,,,,,sample_00101_gt.npy,sample_00101_obstacles.npy,sample_00101_path_2.csv,50
sample_00101,4,demo,,,,,sample_00101_gt.npy,sample_00101_obstacles.npy,sample_00101_path_4.csv,50
sample_00101,1,demo,,,,,sample_00101_gt.npy,sample_00101_obstacles.npy,sample_00101_path_1.csv,50
sample_00313,4,demo,,,,,sample_00313_gt.npy,sample_00313_obstacles.npy,sample_00313_path_4.csv,50
sample_00313,0,demo,,,,,sample_00313_gt.npy,sample_00313_obstacles.npy,sample_00313_path_0.csv,50
sample_00313,2,demo,,,,,sample_00313_gt.npy,sample_00313_obstacles.npy,sample_00313_path_2.csv,50
sample_00313,1,demo,,,,,sample_00313_gt.npy,sample_00313_obstacles.npy,sample_00313_path_1.csv,50
sample_00313,3,demo,,,,,sample_00313_gt.npy,sample_00313_obstacles.npy,sample_00313_path_3.csv,50
sample_00167,2,demo,,,,,sample_00167_gt.npy,sample_00167_obstacles.npy,sample_00167_path_2.csv,50
sample_00167,1,demo,,,,,sample_00167_gt.npy,sample_00167_obstacles.npy,sample_00167_path_1.csv,50
sample_00167,4,demo,,,,,sample_00167_gt.npy,sample_00167_obstacles.npy,sample_00167_path_4.csv,50
sample_00167,0,demo,,,,,sample_00167_gt.npy,sample_00167_obstacles.npy,sample_00167_path_0.csv,50
sample_00167,3,demo,,,,,sample_00167_gt.npy,sample_00167_obstacles.npy,sample_00167_path_3.csv,50
sample_00193,1,demo,,,,,sample_00193_gt.npy,sample_00193_obstacles.npy,sample_00193_path_1.csv,50
sample_00193,2,demo,,,,,sample_00193_gt.npy,sample_00193_obstacles.npy,sample_00193_path_2.csv,50
sample_00193,3,demo,,,,,sample_00193_gt.npy,sample_00193_obstacles.npy,sample_00193_path_3.csv,50
sample_00193,4,demo,,,,,sample_00193_gt.npy,sample_00193_obstacles.npy,sample_00193_path_4.csv,50
sample_00193,0,demo,,,,,sample_00193_gt.npy,sample_00193_obstacles.npy,sample_00193_path_0.csv,50
sample_00300,2,demo,,,,,sample_00300_gt.npy,sample_00300_obstacles.npy,sample_00300_path_2.csv,50
sample_00300,0,demo,,,,,sample_00300_gt.npy,sample_00300_obstacles.npy,sample_00300_path_0.csv,50
sample_00300,1,demo,,,,,sample_00300_gt.npy,sample_00300_obstacles.npy,sample_00300_path_1.csv,50
sample_00300,4,demo,,,,,sample_00300_gt.npy,sample_00300_obstacles.npy,sample_00300_path_4.csv,50
sample_00300,3,demo,,,,,sample_00300_gt.npy,sample_00300_obstacles.npy,sample_00300_path_3.csv,50
sample_00010,0,demo,,,,,sample_00010_gt.npy,sample_00010_obstacles.npy,sample_00010_path_0.csv,50
sample_00010,2,demo,,,,,sample_00010_gt.npy,sample_00010_obstacles.npy,sample_00010_path_2.csv,50
sample_00010,4,demo,,,,,sample_00010_gt.npy,sample_00010_obstacles.npy,sample_00010_path_4.csv,50
sample_00010,1,demo,,,,,sample_00010_gt.npy,sample_00010_obstacles.npy,sample_00010_path_1.csv,50
sample_00010,3,demo,,,,,sample_00010_gt.npy,sample_00010_obstacles.npy,sample_00010_path_3.csv,50
sample_00234,1,demo,,,,,sample_00234_gt.npy,sample_00234_obstacles.npy,sample_00234_path_1.csv,50
sample_00234,0,demo,,,,,sample_00234_gt.npy,sample_00234_obstacles.npy,sample_00234_path_0.csv,50
sample_00234,2,demo,,,,,sample_00234_gt.npy,sample_00234_obstacles.npy,sample_00234_path_2.csv,50
sample_00234,4,demo,,,,,sample_00234_gt.npy,sample_00234_obstacles.npy,sample_00234_path_4.csv,50
sample_00234,3,demo,,,,,sample_00234_gt.npy,sample_00234_obstacles.npy,sample_00234_path_3.csv,50
sample_00001,1,demo,,,,,sample_00001_gt.npy,sample_00001_obstacles.npy,sample_00001_path_1.csv,50
sample_00001,2,demo,,,,,sample_00001_gt.npy,sample_00001_obstacles.npy,sample_00001_path_2.csv,50
sample_00001,0,demo,,,,,sample_00001_gt.npy,sample_00001_obstacles.npy,sample_00001_path_0.csv,50
sample_00001,3,demo,,,,,sample_00001_gt.npy,sample_00001_obstacles.npy,sample_00001_path_3.csv,50
sample_00001,4,demo,,,,,sample_00001_gt.npy,sample_00001_obstacles.npy,sample_00001_path_4.csv,50
sample_00111,4,demo,,,,,sample_00111_gt.npy,sample_00111_obstacles.npy,sample_00111_path_4.csv,50
sample_00111,2,demo,,,,,sample_00111_gt.npy,sample_00111_obstacles.npy,sample_00111_path_2.csv,50
sample_00111,1,demo,,,,,sample_00111_gt.npy,sample_00111_obstacles.npy,sample_00111_path_1.csv,50
sample_00111,0,demo,,,,,sample_00111_gt.npy,sample_00111_obstacles.npy,sample_00111_path_0.csv,50
sample_00111,3,demo,,,,,sample_00111_gt.npy,sample_00111_obstacles.npy,sample_00111_path_3.csv,50
sample_00254,0,demo,,,,,sample_00254_gt.npy,sample_00254_obstacles.npy,sample_00254_path_0.csv,50
sample_00254,4,demo,,,,,sample_00254_gt.npy,sample_00254_obstacles.npy,sample_00254_path_4.csv,50
sample_00254,2,demo,,,,,sample_00254_gt.npy,sample_00254_obstacles.npy,sample_00254_path_2.csv,50
sample_00254,1,demo,,,,,sample_00254_gt.npy,sample_00254_obstacles.npy,sample_00254_path_1.csv,50
sample_00254,3,demo,,,,,sample_00254_gt.npy,sample_00254_obstacles.npy,sample_00254_path_3.csv,50
sample_00061,3,demo,,,,,sample_00061_gt.npy,sample_00061_obstacles.npy,sample_00061_path_3.csv,50
sample_00061,0,demo,,,,,sample_00061_gt.npy,sample_00061_obstacles.npy,sample_00061_path_0.csv,50
sample_00061,1,demo,,,,,sample_00061_gt.npy,sample_00061_obstacles.npy,sample_00061_path_1.csv,50
sample_00061,2,demo,,,,,sample_00061_gt.npy,sample_00061_obstacles.npy,sample_00061_path_2.csv,50
sample_00061,4,demo,,,,,sample_00061_gt.npy,sample_00061_obstacles.npy,sample_00061_path_4.csv,50
sample_00290,4,demo,,,,,sample_00290_gt.npy,sample_00290_obstacles.npy,sample_00290_path_4.csv,50
sample_00290,3,demo,,,,,sample_00290_gt.npy,sample_00290_obstacles.npy,sample_00290_path_3.csv,50
sample_00290,0,demo,,,,,sample_00290_gt.npy,sample_00290_obstacles.npy,sample_00290_path_0.csv,50
sample_00290,2,demo,,,,,sample_00290_gt.npy,sample_00290_obstacles.npy,sample_00290_path_2.csv,50
sample_00290,1,demo,,,,,sample_00290_gt.npy,sample_00290_obstacles.npy,sample_00290_path_1.csv,50
sample_00040,4,demo,,,,,sample_00040_gt.npy,sample_00040_obstacles.npy,sample_00040_path_4.csv,50
sample_00040,0,demo,,,,,sample_00040_gt.npy,sample_00040_obstacles.npy,sample_00040_path_0.csv,50
sample_00040,3,demo,,,,,sample_00040_gt.npy,sample_00040_obstacles.npy,sample_00040_path_3.csv,50
sample_00040,1,demo,,,,,sample_00040_gt.npy,sample_00040_obstacles.npy,sample_00040_path_1.csv,50
sample_00040,2,demo,,,,,sample_00040_gt.npy,sample_00040_obstacles.npy,sample_00040_path_2.csv,50
sample_00054,1,demo,,,,,sample_00054_gt.npy,sample_00054_obstacles.npy,sample_00054_path_1.csv,50
sample_00054,3,demo,,,,,sample_00054_gt.npy,sample_00054_obstacles.npy,sample_00054_path_3.csv,50
sample_00054,2,demo,,,,,sample_00054_gt.npy,sample_00054_obstacles.npy,sample_00054_path_2.csv,50
sample_00054,4,demo,,,,,sample_00054_gt.npy,sample_00054_obstacles.npy,sample_00054_path_4.csv,50
sample_00054,0,demo,,,,,sample_00054_gt.npy,sample_00054_obstacles.npy,sample_00054_path_0.csv,50
sample_00276,1,demo,,,,,sample_00276_gt.npy,sample_00276_obstacles.npy,sample_00276_path_1.csv,50
sample_00276,2,demo,,,,,sample_00276_gt.npy,sample_00276_obstacles.npy,sample_00276_path_2.csv,50
sample_00276,0,demo,,,,,sample_00276_gt.npy,sample_00276_obstacles.npy,sample_00276_path_0.csv,50
sample_00276,4,demo,,,,,sample_00276_gt.npy,sample_00276_obstacles.npy,sample_00276_path_4.csv,50
sample_00276,3,demo,,,,,sample_00276_gt.npy,sample_00276_obstacles.npy,sample_00276_path_3.csv,50
sample_00041,3,demo,,,,,sample_00041_gt.npy,sample_00041_obstacles.npy,sample_00041_path_3.csv,50
sample_00041,0,demo,,,,,sample_00041_gt.npy,sample_00041_obstacles.npy,sample_00041_path_0.csv,50
sample_00041,4,demo,,,,,sample_00041_gt.npy,sample_00041_obstacles.npy,sample_00041_path_4.csv,50
sample_00041,2,demo,,,,,sample_00041_gt.npy,sample_00041_obstacles.npy,sample_00041_path_2.csv,50
sample_00041,1,demo,,,,,sample_00041_gt.npy,sample_00041_obstacles.npy,sample_00041_path_1.csv,50
sample_00037,4,demo,,,,,sample_00037_gt.npy,sample_00037_obstacles.npy,sample_00037_path_4.csv,50
sample_00037,2,demo,,,,,sample_00037_gt.npy,sample_00037_obstacles.npy,sample_00037_path_2.csv,50
sample_00037,3,demo,,,,,sample_00037_gt.npy,sample_00037_obstacles.npy,sample_00037_path_3.csv,50
sample_00037,1,demo,,,,,sample_00037_gt.npy,sample_00037_obstacles.npy,sample_00037_path_1.csv,50
sample_00037,0,demo,,,,,sample_00037_gt.npy,sample_00037_obstacles.npy,sample_00037_path_0.csv,50
sample_00237,1,demo,,,,,sample_00237_gt.npy,sample_00237_obstacles.npy,sample_00237_path_1.csv,50
sample_00237,0,demo,,,,,sample_00237_gt.npy,sample_00237_obstacles.npy,sample_00237_path_0.csv,50
sample_00237,2,demo,,,,,sample_00237_gt.npy,sample_00237_obstacles.npy,sample_00237_path_2.csv,50
sample_00237,3,demo,,,,,sample_00237_gt.npy,sample_00237_obstacles.npy,sample_00237_path_3.csv,50
sample_00237,4,demo,,,,,sample_00237_gt.npy,sample_00237_obstacles.npy,sample_00237_path_4.csv,50
sample_00127,3,demo,,,,,sample_00127_gt.npy,sample_00127_obstacles.npy,sample_00127_path_3.csv,50
sample_00127,1,demo,,,,,sample_00127_gt.npy,sample_00127_obstacles.npy,sample_00127_path_1.csv,50
sample_00127,4,demo,,,,,sample_00127_gt.npy,sample_00127_obstacles.npy,sample_00127_path_4.csv,50
sample_00127,2,demo,,,,,sample_00127_gt.npy,sample_00127_obstacles.npy,sample_00127_path_2.csv,50
sample_00127,0,demo,,,,,sample_00127_gt.npy,sample_00127_obstacles.npy,sample_00127_path_0.csv,50
sample_00267,2,demo,,,,,sample_00267_gt.npy,sample_00267_obstacles.npy,sample_00267_path_2.csv,50
sample_00267,1,demo,,,,,sample_00267_gt.npy,sample_00267_obstacles.npy,sample_00267_path_1.csv,50
sample_00267,0,demo,,,,,sample_00267_gt.npy,sample_00267_obstacles.npy,sample_00267_path_0.csv,50
sample_00267,3,demo,,,,,sample_00267_gt.npy,sample_00267_obstacles.npy,sample_00267_path_3.csv,50
sample_00267,4,demo,,,,,sample_00267_gt.npy,sample_00267_obstacles.npy,sample_00267_path_4.csv,50
sample_00140,2,demo,,,,,sample_00140_gt.npy,sample_00140_obstacles.npy,sample_00140_path_2.csv,50
sample_00140,4,demo,,,,,sample_00140_gt.npy,sample_00140_obstacles.npy,sample_00140_path_4.csv,50
sample_00140,0,demo,,,,,sample_00140_gt.npy,sample_00140_obstacles.npy,sample_00140_path_0.csv,50
sample_00140,3,demo,,,,,sample_00140_gt.npy,sample_00140_obstacles.npy,sample_00140_path_3.csv,50
sample_00140,1,demo,,,,,sample_00140_gt.npy,sample_00140_obstacles.npy,sample_00140_path_1.csv,50
sample_00166,3,demo,,,,,sample_00166_gt.npy,sample_00166_obstacles.npy,sample_00166_path_3.csv,50
sample_00166,0,demo,,,,,sample_00166_gt.npy,sample_00166_obstacles.npy,sample_00166_path_0.csv,50
sample_00166,4,demo,,,,,sample_00166_gt.npy,sample_00166_obstacles.npy,sample_00166_path_4.csv,50
sample_00166,2,demo,,,,,sample_00166_gt.npy,sample_00166_obstacles.npy,sample_00166_path_2.csv,50
sample_00166,1,demo,,,,,sample_00166_gt.npy,sample_00166_obstacles.npy,sample_00166_path_1.csv,50
sample_00294,3,demo,,,,,sample_00294_gt.npy,sample_00294_obstacles.npy,sample_00294_path_3.csv,50
sample_00294,0,demo,,,,,sample_00294_gt.npy,sample_00294_obstacles.npy,sample_00294_path_0.csv,50
sample_00294,1,demo,,,,,sample_00294_gt.npy,sample_00294_obstacles.npy,sample_00294_path_1.csv,50
sample_00294,4,demo,,,,,sample_00294_gt.npy,sample_00294_obstacles.npy,sample_00294_path_4.csv,50
sample_00294,2,demo,,,,,sample_00294_gt.npy,sample_00294_obstacles.npy,sample_00294_path_2.csv,50
sample_00112,1,demo,,,,,sample_00112_gt.npy,sample_00112_obstacles.npy,sample_00112_path_1.csv,50
sample_00112,3,demo,,,,,sample_00112_gt.npy,sample_00112_obstacles.npy,sample_00112_path_3.csv,50
sample_00112,2,demo,,,,,sample_00112_gt.npy,sample_00112_obstacles.npy,sample_00112_path_2.csv,50
sample_00112,4,demo,,,,,sample_00112_gt.npy,sample_00112_obstacles.npy,sample_00112_path_4.csv,50
sample_00112,0,demo,,,,,sample_00112_gt.npy,sample_00112_obstacles.npy,sample_00112_path_0.csv,50
sample_00220,3,demo,,,,,sample_00220_gt.npy,sample_00220_obstacles.npy,sample_00220_path_3.csv,50
sample_00220,1,demo,,,,,sample_00220_gt.npy,sample_00220_obstacles.npy,sample_00220_path_1.csv,50
sample_00220,0,demo,,,,,sample_00220_gt.npy,sample_00220_obstacles.npy,sample_00220_path_0.csv,50
sample_00220,2,demo,,,,,sample_00220_gt.npy,sample_00220_obstacles.npy,sample_00220_path_2.csv,50
sample_00220,4,demo,,,,,sample_00220_gt.npy,sample_00220_obstacles.npy,sample_00220_path_4.csv,50
sample_00150,3,demo,,,,,sample_00150_gt.npy,sample_00150_obstacles.npy,sample_00150_path_3.csv,50
sample_00150,2,demo,,,,,sample_00150_gt.npy,sample_00150_obstacles.npy,sample_00150_path_2.csv,50
sample_00150,0,demo,,,,,sample_00150_gt.npy,sample_00150_obstacles.npy,sample_00150_path_0.csv,50
sample_00150,1,demo,,,,,sample_00150_gt.npy,sample_00150_obstacles.npy,sample_00150_path_1.csv,50
sample_00150,4,demo,,,,,sample_00150_gt.npy,sample_00150_obstacles.npy,sample_00150_path_4.csv,50
sample_00048,4,demo,,,,,sample_00048_gt.npy,sample_00048_obstacles.npy,sample_00048_path_4.csv,50
sample_00048,3,demo,,,,,sample_00048_gt.npy,sample_00048_obstacles.npy,sample_00048_path_3.csv,50
sample_00048,1,demo,,,,,sample_00048_gt.npy,sample_00048_obstacles.npy,sample_00048_path_1.csv,50
sample_00048,2,demo,,,,,sample_00048_gt.npy,sample_00048_obstacles.npy,sample_00048_path_2.csv,50
sample_00048,0,demo,,,,,sample_00048_gt.npy,sample_00048_obstacles.npy,sample_00048_path_0.csv,50
sample_00264,0,demo,,,,,sample_00264_gt.npy,sample_00264_obstacles.npy,sample_00264_path_0.csv,50
sample_00264,1,demo,,,,,sample_00264_gt.npy,sample_00264_obstacles.npy,sample_00264_path_1.csv,50
sample_00264,4,demo,,,,,sample_00264_gt.npy,sample_00264_obstacles.npy,sample_00264_path_4.csv,50
sample_00264,2,demo,,,,,sample_00264_gt.npy,sample_00264_obstacles.npy,sample_00264_path_2.csv,50
sample_00264,3,demo,,,,,sample_00264_gt.npy,sample_00264_obstacles.npy,sample_00264_path_3.csv,50
sample_00190,1,demo,,,,,sample_00190_gt.npy,sample_00190_obstacles.npy,sample_00190_path_1.csv,50
sample_00190,2,demo,,,,,sample_00190_gt.npy,sample_00190_obstacles.npy,sample_00190_path_2.csv,50
sample_00190,3,demo,,,,,sample_00190_gt.npy,sample_00190_obstacles.npy,sample_00190_path_3.csv,50
sample_00190,0,demo,,,,,sample_00190_gt.npy,sample_00190_obstacles.npy,sample_00190_path_0.csv,50
sample_00190,4,demo,,,,,sample_00190_gt.npy,sample_00190_obstacles.npy,sample_00190_path_4.csv,50
sample_00230,2,demo,,,,,sample_00230_gt.npy,sample_00230_obstacles.npy,sample_00230_path_2.csv,50
sample_00230,3,demo,,,,,sample_00230_gt.npy,sample_00230_obstacles.npy,sample_00230_path_3.csv,50
sample_00230,1,demo,,,,,sample_00230_gt.npy,sample_00230_obstacles.npy,sample_00230_path_1.csv,50
sample_00230,4,demo,,,,,sample_00230_gt.npy,sample_00230_obstacles.npy,sample_00230_path_4.csv,50
sample_00230,0,demo,,,,,sample_00230_gt.npy,sample_00230_obstacles.npy,sample_00230_path_0.csv,50
sample_00057,2,demo,,,,,sample_00057_gt.npy,sample_00057_obstacles.npy,sample_00057_path_2.csv,50
sample_00057,4,demo,,,,,sample_00057_gt.npy,sample_00057_obstacles.npy,sample_00057_path_4.csv,50
sample_00057,0,demo,,,,,sample_00057_gt.npy,sample_00057_obstacles.npy,sample_00057_path_0.csv,50
sample_00057,1,demo,,,,,sample_00057_gt.npy,sample_00057_obstacles.npy,sample_00057_path_1.csv,50
sample_00057,3,demo,,,,,sample_00057_gt.npy,sample_00057_obstacles.npy,sample_00057_path_3.csv,50
sample_00310,0,demo,,,,,sample_00310_gt.npy,sample_00310_obstacles.npy,sample_00310_path_0.csv,50
sample_00310,1,demo,,,,,sample_00310_gt.npy,sample_00310_obstacles.npy,sample_00310_path_1.csv,50
sample_00310,4,demo,,,,,sample_00310_gt.npy,sample_00310_obstacles.npy,sample_00310_path_4.csv,50
sample_00310,2,demo,,,,,sample_00310_gt.npy,sample_00310_obstacles.npy,sample_00310_path_2.csv,50
sample_00310,3,demo,,,,,sample_00310_gt.npy,sample_00310_obstacles.npy,sample_00310_path_3.csv,50
sample_00126,1,demo,,,,,sample_00126_gt.npy,sample_00126_obstacles.npy,sample_00126_path_1.csv,50
sample_00126,4,demo,,,,,sample_00126_gt.npy,sample_00126_obstacles.npy,sample_00126_path_4.csv,50
sample_00126,3,demo,,,,,sample_00126_gt.npy,sample_00126_obstacles.npy,sample_00126_path_3.csv,50
sample_00126,2,demo,,,,,sample_00126_gt.npy,sample_00126_obstacles.npy,sample_00126_path_2.csv,50
sample_00126,0,demo,,,,,sample_00126_gt.npy,sample_00126_obstacles.npy,sample_00126_path_0.csv,50
sample_00185,2,demo,,,,,sample_00185_gt.npy,sample_00185_obstacles.npy,sample_00185_path_2.csv,50
sample_00185,4,demo,,,,,sample_00185_gt.npy,sample_00185_obstacles.npy,sample_00185_path_4.csv,50
sample_00185,1,demo,,,,,sample_00185_gt.npy,sample_00185_obstacles.npy,sample_00185_path_1.csv,50
sample_00185,3,demo,,,,,sample_00185_gt.npy,sample_00185_obstacles.npy,sample_00185_path_3.csv,50
sample_00185,0,demo,,,,,sample_00185_gt.npy,sample_00185_obstacles.npy,sample_00185_path_0.csv,50
sample_00100,3,demo,,,,,sample_00100_gt.npy,sample_00100_obstacles.npy,sample_00100_path_3.csv,50
sample_00100,2,demo,,,,,sample_00100_gt.npy,sample_00100_obstacles.npy,sample_00100_path_2.csv,50
sample_00100,4,demo,,,,,sample_00100_gt.npy,sample_00100_obstacles.npy,sample_00100_path_4.csv,50
sample_00100,1,demo,,,,,sample_00100_gt.npy,sample_00100_obstacles.npy,sample_00100_path_1.csv,50
sample_00100,0,demo,,,,,sample_00100_gt.npy,sample_00100_obstacles.npy,sample_00100_path_0.csv,50
sample_00277,1,demo,,,,,sample_00277_gt.npy,sample_00277_obstacles.npy,sample_00277_path_1.csv,50
sample_00277,3,demo,,,,,sample_00277_gt.npy,sample_00277_obstacles.npy,sample_00277_path_3.csv,50
sample_00277,2,demo,,,,,sample_00277_gt.npy,sample_00277_obstacles.npy,sample_00277_path_2.csv,50
sample_00277,4,demo,,,,,sample_00277_gt.npy,sample_00277_obstacles.npy,sample_00277_path_4.csv,50
sample_00277,0,demo,,,,,sample_00277_gt.npy,sample_00277_obstacles.npy,sample_00277_path_0.csv,50
sample_00287,4,demo,,,,,sample_00287_gt.npy,sample_00287_obstacles.npy,sample_00287_path_4.csv,50
sample_00287,1,demo,,,,,sample_00287_gt.npy,sample_00287_obstacles.npy,sample_00287_path_1.csv,50
sample_00287,2,demo,,,,,sample_00287_gt.npy,sample_00287_obstacles.npy,sample_00287_path_2.csv,50
sample_00287,3,demo,,,,,sample_00287_gt.npy,sample_00287_obstacles.npy,sample_00287_path_3.csv,50
sample_00287,0,demo,,,,,sample_00287_gt.npy,sample_00287_obstacles.npy,sample_00287_path_0.csv,50
sample_00244,2,demo,,,,,sample_00244_gt.npy,sample_00244_obstacles.npy,sample_00244_path_2.csv,50
sample_00244,3,demo,,,,,sample_00244_gt.npy,sample_00244_obstacles.npy,sample_00244_path_3.csv,50
sample_00244,1,demo,,,,,sample_00244_gt.npy,sample_00244_obstacles.npy,sample_00244_path_1.csv,50
sample_00244,0,demo,,,,,sample_00244_gt.npy,sample_00244_obstacles.npy,sample_00244_path_0.csv,50
sample_00244,4,demo,,,,,sample_00244_gt.npy,sample_00244_obstacles.npy,sample_00244_path_4.csv,50
sample_00203,3,demo,,,,,sample_00203_gt.npy,sample_00203_obstacles.npy,sample_00203_path_3.csv,50
sample_00203,2,demo,,,,,sample_00203_gt.npy,sample_00203_obstacles.npy,sample_00203_path_2.csv,50
sample_00203,4,demo,,,,,sample_00203_gt.npy,sample_00203_obstacles.npy,sample_00203_path_4.csv,50
sample_00203,1,demo,,,,,sample_00203_gt.npy,sample_00203_obstacles.npy,sample_00203_path_1.csv,50
sample_00203,0,demo,,,,,sample_00203_gt.npy,sample_00203_obstacles.npy,sample_00203_path_0.csv,50
sample_00089,2,demo,,,,,sample_00089_gt.npy,sample_00089_obstacles.npy,sample_00089_path_2.csv,50
sample_00089,4,demo,,,,,sample_00089_gt.npy,sample_00089_obstacles.npy,sample_00089_path_4.csv,50
sample_00089,3,demo,,,,,sample_00089_gt.npy,sample_00089_obstacles.npy,sample_00089_path_3.csv,50
sample_00089,0,demo,,,,,sample_00089_gt.npy,sample_00089_obstacles.npy,sample_00089_path_0.csv,50
sample_00089,1,demo,,,,,sample_00089_gt.npy,sample_00089_obstacles.npy,sample_00089_path_1.csv,50
sample_00135,3,demo,,,,,sample_00135_gt.npy,sample_00135_obstacles.npy,sample_00135_path_3.csv,50
sample_00135,2,demo,,,,,sample_00135_gt.npy,sample_00135_obstacles.npy,sample_00135_path_2.csv,50
sample_00135,0,demo,,,,,sample_00135_gt.npy,sample_00135_obstacles.npy,sample_00135_path_0.csv,50
sample_00135,1,demo,,,,,sample_00135_gt.npy,sample_00135_obstacles.npy,sample_00135_path_1.csv,50
sample_00135,4,demo,,,,,sample_00135_gt.npy,sample_00135_obstacles.npy,sample_00135_path_4.csv,50
sample_00124,1,demo,,,,,sample_00124_gt.npy,sample_00124_obstacles.npy,sample_00124_path_1.csv,50
sample_00124,2,demo,,,,,sample_00124_gt.npy,sample_00124_obstacles.npy,sample_00124_path_2.csv,50
sample_00124,0,demo,,,,,sample_00124_gt.npy,sample_00124_obstacles.npy,sample_00124_path_0.csv,50
sample_00124,3,demo,,,,,sample_00124_gt.npy,sample_00124_obstacles.npy,sample_00124_path_3.csv,50
sample_00124,4,demo,,,,,sample_00124_gt.npy,sample_00124_obstacles.npy,sample_00124_path_4.csv,50
sample_00079,1,demo,,,,,sample_00079_gt.npy,sample_00079_obstacles.npy,sample_00079_path_1.csv,50
sample_00079,4,demo,,,,,sample_00079_gt.npy,sample_00079_obstacles.npy,sample_00079_path_4.csv,50
sample_00079,0,demo,,,,,sample_00079_gt.npy,sample_00079_obstacles.npy,sample_00079_path_0.csv,50
sample_00079,2,demo,,,,,sample_00079_gt.npy,sample_00079_obstacles.npy,sample_00079_path_2.csv,50
sample_00079,3,demo,,,,,sample_00079_gt.npy,sample_00079_obstacles.npy,sample_00079_path_3.csv,50
sample_00137,3,demo,,,,,sample_00137_gt.npy,sample_00137_obstacles.npy,sample_00137_path_3.csv,50
sample_00137,2,demo,,,,,sample_00137_gt.npy,sample_00137_obstacles.npy,sample_00137_path_2.csv,50
sample_00137,0,demo,,,,,sample_00137_gt.npy,sample_00137_obstacles.npy,sample_00137_path_0.csv,50
sample_00137,1,demo,,,,,sample_00137_gt.npy,sample_00137_obstacles.npy,sample_00137_path_1.csv,50
sample_00137,4,demo,,,,,sample_00137_gt.npy,sample_00137_obstacles.npy,sample_00137_path_4.csv,50
sample_00060,0,demo,,,,,sample_00060_gt.npy,sample_00060_obstacles.npy,sample_00060_path_0.csv,50
sample_00060,3,demo,,,,,sample_00060_gt.npy,sample_00060_obstacles.npy,sample_00060_path_3.csv,50
sample_00060,2,demo,,,,,sample_00060_gt.npy,sample_00060_obstacles.npy,sample_00060_path_2.csv,50
sample_00060,1,demo,,,,,sample_00060_gt.npy,sample_00060_obstacles.npy,sample_00060_path_1.csv,50
sample_00060,4,demo,,,,,sample_00060_gt.npy,sample_00060_obstacles.npy,sample_00060_path_4.csv,50
sample_00312,4,demo,,,,,sample_00312_gt.npy,sample_00312_obstacles.npy,sample_00312_path_4.csv,50
sample_00312,2,demo,,,,,sample_00312_gt.npy,sample_00312_obstacles.npy,sample_00312_path_2.csv,50
sample_00312,1,demo,,,,,sample_00312_gt.npy,sample_00312_obstacles.npy,sample_00312_path_1.csv,50
sample_00312,0,demo,,,,,sample_00312_gt.npy,sample_00312_obstacles.npy,sample_00312_path_0.csv,50
sample_00312,3,demo,,,,,sample_00312_gt.npy,sample_00312_obstacles.npy,sample_00312_path_3.csv,50
sample_00088,0,demo,,,,,sample_00088_gt.npy,sample_00088_obstacles.npy,sample_00088_path_0.csv,50
sample_00088,1,demo,,,,,sample_00088_gt.npy,sample_00088_obstacles.npy,sample_00088_path_1.csv,50
sample_00088,3,demo,,,,,sample_00088_gt.npy,sample_00088_obstacles.npy,sample_00088_path_3.csv,50
sample_00088,4,demo,,,,,sample_00088_gt.npy,sample_00088_obstacles.npy,sample_00088_path_4.csv,50
sample_00088,2,demo,,,,,sample_00088_gt.npy,sample_00088_obstacles.npy,sample_00088_path_2.csv,50
sample_00034,2,demo,,,,,sample_00034_gt.npy,sample_00034_obstacles.npy,sample_00034_path_2.csv,50
sample_00034,4,demo,,,,,sample_00034_gt.npy,sample_00034_obstacles.npy,sample_00034_path_4.csv,50
sample_00034,1,demo,,,,,sample_00034_gt.npy,sample_00034_obstacles.npy,sample_00034_path_1.csv,50
sample_00034,0,demo,,,,,sample_00034_gt.npy,sample_00034_obstacles.npy,sample_00034_path_0.csv,50
sample_00034,3,demo,,,,,sample_00034_gt.npy,sample_00034_obstacles.npy,sample_00034_path_3.csv,50
sample_00191,1,demo,,,,,sample_00191_gt.npy,sample_00191_obstacles.npy,sample_00191_path_1.csv,50
sample_00191,3,demo,,,,,sample_00191_gt.npy,sample_00191_obstacles.npy,sample_00191_path_3.csv,50
sample_00191,0,demo,,,,,sample_00191_gt.npy,sample_00191_obstacles.npy,sample_00191_path_0.csv,50
sample_00191,2,demo,,,,,sample_00191_gt.npy,sample_00191_obstacles.npy,sample_00191_path_2.csv,50
sample_00191,4,demo,,,,,sample_00191_gt.npy,sample_00191_obstacles.npy,sample_00191_path_4.csv,50
sample_00326,0,demo,,,,,sample_00326_gt.npy,sample_00326_obstacles.npy,sample_00326_path_0.csv,50
sample_00326,3,demo,,,,,sample_00326_gt.npy,sample_00326_obstacles.npy,sample_00326_path_3.csv,50
sample_00326,4,demo,,,,,sample_00326_gt.npy,sample_00326_obstacles.npy,sample_00326_path_4.csv,50
sample_00326,1,demo,,,,,sample_00326_gt.npy,sample_00326_obstacles.npy,sample_00326_path_1.csv,50
sample_00326,2,demo,,,,,sample_00326_gt.npy,sample_00326_obstacles.npy,sample_00326_path_2.csv,50
sample_00053,2,demo,,,,,sample_00053_gt.npy,sample_00053_obstacles.npy,sample_00053_path_2.csv,50
sample_00053,0,demo,,,,,sample_00053_gt.npy,sample_00053_obstacles.npy,sample_00053_path_0.csv,50
sample_00053,3,demo,,,,,sample_00053_gt.npy,sample_00053_obstacles.npy,sample_00053_path_3.csv,50
sample_00053,1,demo,,,,,sample_00053_gt.npy,sample_00053_obstacles.npy,sample_00053_path_1.csv,50
sample_00053,4,demo,,,,,sample_00053_gt.npy,sample_00053_obstacles.npy,sample_00053_path_4.csv,50
sample_00194,1,demo,,,,,sample_00194_gt.npy,sample_00194_obstacles.npy,sample_00194_path_1.csv,50
sample_00194,4,demo,,,,,sample_00194_gt.npy,sample_00194_obstacles.npy,sample_00194_path_4.csv,50
sample_00194,0,demo,,,,,sample_00194_gt.npy,sample_00194_obstacles.npy,sample_00194_path_0.csv,50
sample_00194,3,demo,,,,,sample_00194_gt.npy,sample_00194_obstacles.npy,sample_00194_path_3.csv,50
sample_00194,2,demo,,,,,sample_00194_gt.npy,sample_00194_obstacles.npy,sample_00194_path_2.csv,50
sample_00023,0,demo,,,,,sample_00023_gt.npy,sample_00023_obstacles.npy,sample_00023_path_0.csv,50
sample_00023,4,demo,,,,,sample_00023_gt.npy,sample_00023_obstacles.npy,sample_00023_path_4.csv,50
sample_00023,2,demo,,,,,sample_00023_gt.npy,sample_00023_obstacles.npy,sample_00023_path_2.csv,50
sample_00023,1,demo,,,,,sample_00023_gt.npy,sample_00023_obstacles.npy,sample_00023_path_1.csv,50
sample_00023,3,demo,,,,,sample_00023_gt.npy,sample_00023_obstacles.npy,sample_00023_path_3.csv,50
sample_00249,3,demo,,,,,sample_00249_gt.npy,sample_00249_obstacles.npy,sample_00249_path_3.csv,50
sample_00249,2,demo,,,,,sample_00249_gt.npy,sample_00249_obstacles.npy,sample_00249_path_2.csv,50
sample_00249,0,demo,,,,,sample_00249_gt.npy,sample_00249_obstacles.npy,sample_00249_path_0.csv,50
sample_00249,4,demo,,,,,sample_00249_gt.npy,sample_00249_obstacles.npy,sample_00249_path_4.csv,50
sample_00249,1,demo,,,,,sample_00249_gt.npy,sample_00249_obstacles.npy,sample_00249_path_1.csv,50
sample_00213,2,demo,,,,,sample_00213_gt.npy,sample_00213_obstacles.npy,sample_00213_path_2.csv,50
sample_00213,3,demo,,,,,sample_00213_gt.npy,sample_00213_obstacles.npy,sample_00213_path_3.csv,50
sample_00213,1,demo,,,,,sample_00213_gt.npy,sample_00213_obstacles.npy,sample_00213_path_1.csv,50
sample_00213,4,demo,,,,,sample_00213_gt.npy,sample_00213_obstacles.npy,sample_00213_path_4.csv,50
sample_00213,0,demo,,,,,sample_00213_gt.npy,sample_00213_obstacles.npy,sample_00213_path_0.csv,50
sample_00263,0,demo,,,,,sample_00263_gt.npy,sample_00263_obstacles.npy,sample_00263_path_0.csv,50
sample_00263,1,demo,,,,,sample_00263_gt.npy,sample_00263_obstacles.npy,sample_00263_path_1.csv,50
sample_00263,4,demo,,,,,sample_00263_gt.npy,sample_00263_obstacles.npy,sample_00263_path_4.csv,50
sample_00263,3,demo,,,,,sample_00263_gt.npy,sample_00263_obstacles.npy,sample_00263_path_3.csv,50
sample_00263,2,demo,,,,,sample_00263_gt.npy,sample_00263_obstacles.npy,sample_00263_path_2.csv,50
sample_00283,3,demo,,,,,sample_00283_gt.npy,sample_00283_obstacles.npy,sample_00283_path_3.csv,50
sample_00283,0,demo,,,,,sample_00283_gt.npy,sample_00283_obstacles.npy,sample_00283_path_0.csv,50
sample_00283,4,demo,,,,,sample_00283_gt.npy,sample_00283_obstacles.npy,sample_00283_path_4.csv,50
sample_00283,1,demo,,,,,sample_00283_gt.npy,sample_00283_obstacles.npy,sample_00283_path_1.csv,50
sample_00283,2,demo,,,,,sample_00283_gt.npy,sample_00283_obstacles.npy,sample_00283_path_2.csv,50
sample_00170,1,demo,,,,,sample_00170_gt.npy,sample_00170_obstacles.npy,sample_00170_path_1.csv,50
sample_00170,2,demo,,,,,sample_00170_gt.npy,sample_00170_obstacles.npy,sample_00170_path_2.csv,50
sample_00170,4,demo,,,,,sample_00170_gt.npy,sample_00170_obstacles.npy,sample_00170_path_4.csv,50
sample_00170,3,demo,,,,,sample_00170_gt.npy,sample_00170_obstacles.npy,sample_00170_path_3.csv,50
sample_00170,0,demo,,,,,sample_00170_gt.npy,sample_00170_obstacles.npy,sample_00170_path_0.csv,50
sample_00175,3,demo,,,,,sample_00175_gt.npy,sample_00175_obstacles.npy,sample_00175_path_3.csv,50
sample_00175,2,demo,,,,,sample_00175_gt.npy,sample_00175_obstacles.npy,sample_00175_path_2.csv,50
sample_00175,0,demo,,,,,sample_00175_gt.npy,sample_00175_obstacles.npy,sample_00175_path_0.csv,50
sample_00175,4,demo,,,,,sample_00175_gt.npy,sample_00175_obstacles.npy,sample_00175_path_4.csv,50
sample_00175,1,demo,,,,,sample_00175_gt.npy,sample_00175_obstacles.npy,sample_00175_path_1.csv,50
sample_00090,4,demo,,,,,sample_00090_gt.npy,sample_00090_obstacles.npy,sample_00090_path_4.csv,50
sample_00090,2,demo,,,,,sample_00090_gt.npy,sample_00090_obstacles.npy,sample_00090_path_2.csv,50
sample_00090,3,demo,,,,,sample_00090_gt.npy,sample_00090_obstacles.npy,sample_00090_path_3.csv,50
sample_00090,1,demo,,,,,sample_00090_gt.npy,sample_00090_obstacles.npy,sample_00090_path_1.csv,50
sample_00090,0,demo,,,,,sample_00090_gt.npy,sample_00090_obstacles.npy,sample_00090_path_0.csv,50
sample_00157,0,demo,,,,,sample_00157_gt.npy,sample_00157_obstacles.npy,sample_00157_path_0.csv,50
sample_00157,1,demo,,,,,sample_00157_gt.npy,sample_00157_obstacles.npy,sample_00157_path_1.csv,50
sample_00157,2,demo,,,,,sample_00157_gt.npy,sample_00157_obstacles.npy,sample_00157_path_2.csv,50
sample_00157,3,demo,,,,,sample_00157_gt.npy,sample_00157_obstacles.npy,sample_00157_path_3.csv,50
sample_00157,4,demo,,,,,sample_00157_gt.npy,sample_00157_obstacles.npy,sample_00157_path_4.csv,50
sample_00233,0,demo,,,,,sample_00233_gt.npy,sample_00233_obstacles.npy,sample_00233_path_0.csv,50
sample_00233,3,demo,,,,,sample_00233_gt.npy,sample_00233_obstacles.npy,sample_00233_path_3.csv,50
sample_00233,2,demo,,,,,sample_00233_gt.npy,sample_00233_obstacles.npy,sample_00233_path_2.csv,50
sample_00233,4,demo,,,,,sample_00233_gt.npy,sample_00233_obstacles.npy,sample_00233_path_4.csv,50
sample_00233,1,demo,,,,,sample_00233_gt.npy,sample_00233_obstacles.npy,sample_00233_path_1.csv,50
sample_00285,2,demo,,,,,sample_00285_gt.npy,sample_00285_obstacles.npy,sample_00285_path_2.csv,50
sample_00285,3,demo,,,,,sample_00285_gt.npy,sample_00285_obstacles.npy,sample_00285_path_3.csv,50
sample_00285,1,demo,,,,,sample_00285_gt.npy,sample_00285_obstacles.npy,sample_00285_path_1.csv,50
sample_00285,0,demo,,,,,sample_00285_gt.npy,sample_00285_obstacles.npy,sample_00285_path_0.csv,50
sample_00285,4,demo,,,,,sample_00285_gt.npy,sample_00285_obstacles.npy,sample_00285_path_4.csv,50
sample_00149,4,demo,,,,,sample_00149_gt.npy,sample_00149_obstacles.npy,sample_00149_path_4.csv,50
sample_00149,2,demo,,,,,sample_00149_gt.npy,sample_00149_obstacles.npy,sample_00149_path_2.csv,50
sample_00149,1,demo,,,,,sample_00149_gt.npy,sample_00149_obstacles.npy,sample_00149_path_1.csv,50
sample_00149,0,demo,,,,,sample_00149_gt.npy,sample_00149_obstacles.npy,sample_00149_path_0.csv,50
sample_00149,3,demo,,,,,sample_00149_gt.npy,sample_00149_obstacles.npy,sample_00149_path_3.csv,50
sample_00291,0,demo,,,,,sample_00291_gt.npy,sample_00291_obstacles.npy,sample_00291_path_0.csv,50
sample_00291,3,demo,,,,,sample_00291_gt.npy,sample_00291_obstacles.npy,sample_00291_path_3.csv,50
sample_00291,1,demo,,,,,sample_00291_gt.npy,sample_00291_obstacles.npy,sample_00291_path_1.csv,50
sample_00291,4,demo,,,,,sample_00291_gt.npy,sample_00291_obstacles.npy,sample_00291_path_4.csv,50
sample_00291,2,demo,,,,,sample_00291_gt.npy,sample_00291_obstacles.npy,sample_00291_path_2.csv,50
sample_00059,1,demo,,,,,sample_00059_gt.npy,sample_00059_obstacles.npy,sample_00059_path_1.csv,50
sample_00059,4,demo,,,,,sample_00059_gt.npy,sample_00059_obstacles.npy,sample_00059_path_4.csv,50
sample_00059,0,demo,,,,,sample_00059_gt.npy,sample_00059_obstacles.npy,sample_00059_path_0.csv,50
sample_00059,3,demo,,,,,sample_00059_gt.npy,sample_00059_obstacles.npy,sample_00059_path_3.csv,50
sample_00059,2,demo,,,,,sample_00059_gt.npy,sample_00059_obstacles.npy,sample_00059_path_2.csv,50
sample_00232,3,demo,,,,,sample_00232_gt.npy,sample_00232_obstacles.npy,sample_00232_path_3.csv,50
sample_00232,4,demo,,,,,sample_00232_gt.npy,sample_00232_obstacles.npy,sample_00232_path_4.csv,50
sample_00232,2,demo,,,,,sample_00232_gt.npy,sample_00232_obstacles.npy,sample_00232_path_2.csv,50
sample_00232,1,demo,,,,,sample_00232_gt.npy,sample_00232_obstacles.npy,sample_00232_path_1.csv,50
sample_00232,0,demo,,,,,sample_00232_gt.npy,sample_00232_obstacles.npy,sample_00232_path_0.csv,50
sample_00258,2,demo,,,,,sample_00258_gt.npy,sample_00258_obstacles.npy,sample_00258_path_2.csv,50
sample_00258,1,demo,,,,,sample_00258_gt.npy,sample_00258_obstacles.npy,sample_00258_path_1.csv,50
sample_00258,4,demo,,,,,sample_00258_gt.npy,sample_00258_obstacles.npy,sample_00258_path_4.csv,50
sample_00258,3,demo,,,,,sample_00258_gt.npy,sample_00258_obstacles.npy,sample_00258_path_3.csv,50
sample_00258,0,demo,,,,,sample_00258_gt.npy,sample_00258_obstacles.npy,sample_00258_path_0.csv,50
sample_00224,2,demo,,,,,sample_00224_gt.npy,sample_00224_obstacles.npy,sample_00224_path_2.csv,50
sample_00224,0,demo,,,,,sample_00224_gt.npy,sample_00224_obstacles.npy,sample_00224_path_0.csv,50
sample_00224,3,demo,,,,,sample_00224_gt.npy,sample_00224_obstacles.npy,sample_00224_path_3.csv,50
sample_00224,4,demo,,,,,sample_00224_gt.npy,sample_00224_obstacles.npy,sample_00224_path_4.csv,50
sample_00224,1,demo,,,,,sample_00224_gt.npy,sample_00224_obstacles.npy,sample_00224_path_1.csv,50
sample_00238,4,demo,,,,,sample_00238_gt.npy,sample_00238_obstacles.npy,sample_00238_path_4.csv,50
sample_00238,3,demo,,,,,sample_00238_gt.npy,sample_00238_obstacles.npy,sample_00238_path_3.csv,50
sample_00238,0,demo,,,,,sample_00238_gt.npy,sample_00238_obstacles.npy,sample_00238_path_0.csv,50
sample_00238,1,demo,,,,,sample_00238_gt.npy,sample_00238_obstacles.npy,sample_00238_path_1.csv,50
sample_00238,2,demo,,,,,sample_00238_gt.npy,sample_00238_obstacles.npy,sample_00238_path_2.csv,50
sample_00033,0,demo,,,,,sample_00033_gt.npy,sample_00033_obstacles.npy,sample_00033_path_0.csv,50
sample_00033,3,demo,,,,,sample_00033_gt.npy,sample_00033_obstacles.npy,sample_00033_path_3.csv,50
sample_00033,2,demo,,,,,sample_00033_gt.npy,sample_00033_obstacles.npy,sample_00033_path_2.csv,50
sample_00033,4,demo,,,,,sample_00033_gt.npy,sample_00033_obstacles.npy,sample_00033_path_4.csv,50
sample_00033,1,demo,,,,,sample_00033_gt.npy,sample_00033_obstacles.npy,sample_00033_path_1.csv,50
sample_00144,3,demo,,,,,sample_00144_gt.npy,sample_00144_obstacles.npy,sample_00144_path_3.csv,50
sample_00144,2,demo,,,,,sample_00144_gt.npy,sample_00144_obstacles.npy,sample_00144_path_2.csv,50
sample_00144,1,demo,,,,,sample_00144_gt.npy,sample_00144_obstacles.npy,sample_00144_path_1.csv,50
sample_00144,0,demo,,,,,sample_00144_gt.npy,sample_00144_obstacles.npy,sample_00144_path_0.csv,50
sample_00144,4,demo,,,,,sample_00144_gt.npy,sample_00144_obstacles.npy,sample_00144_path_4.csv,50
sample_00091,2,demo,,,,,sample_00091_gt.npy,sample_00091_obstacles.npy,sample_00091_path_2.csv,50
sample_00091,0,demo,,,,,sample_00091_gt.npy,sample_00091_obstacles.npy,sample_00091_path_0.csv,50
sample_00091,3,demo,,,,,sample_00091_gt.npy,sample_00091_obstacles.npy,sample_00091_path_3.csv,50
sample_00091,4,demo,,,,,sample_00091_gt.npy,sample_00091_obstacles.npy,sample_00091_path_4.csv,50
sample_00091,1,demo,,,,,sample_00091_gt.npy,sample_00091_obstacles.npy,sample_00091_path_1.csv,50
sample_00217,2,demo,,,,,sample_00217_gt.npy,sample_00217_obstacles.npy,sample_00217_path_2.csv,50
sample_00217,3,demo,,,,,sample_00217_gt.npy,sample_00217_obstacles.npy,sample_00217_path_3.csv,50
sample_00217,0,demo,,,,,sample_00217_gt.npy,sample_00217_obstacles.npy,sample_00217_path_0.csv,50
sample_00217,4,demo,,,,,sample_00217_gt.npy,sample_00217_obstacles.npy,sample_00217_path_4.csv,50
sample_00217,1,demo,,,,,sample_00217_gt.npy,sample_00217_obstacles.npy,sample_00217_path_1.csv,50
sample_00212,0,demo,,,,,sample_00212_gt.npy,sample_00212_obstacles.npy,sample_00212_path_0.csv,50
sample_00212,4,demo,,,,,sample_00212_gt.npy,sample_00212_obstacles.npy,sample_00212_path_4.csv,50
sample_00212,1,demo,,,,,sample_00212_gt.npy,sample_00212_obstacles.npy,sample_00212_path_1.csv,50
sample_00212,2,demo,,,,,sample_00212_gt.npy,sample_00212_obstacles.npy,sample_00212_path_2.csv,50
sample_00212,3,demo,,,,,sample_00212_gt.npy,sample_00212_obstacles.npy,sample_00212_path_3.csv,50
sample_00242,4,demo,,,,,sample_00242_gt.npy,sample_00242_obstacles.npy,sample_00242_path_4.csv,50
sample_00242,2,demo,,,,,sample_00242_gt.npy,sample_00242_obstacles.npy,sample_00242_path_2.csv,50
sample_00242,3,demo,,,,,sample_00242_gt.npy,sample_00242_obstacles.npy,sample_00242_path_3.csv,50
sample_00242,0,demo,,,,,sample_00242_gt.npy,sample_00242_obstacles.npy,sample_00242_path_0.csv,50
sample_00242,1,demo,,,,,sample_00242_gt.npy,sample_00242_obstacles.npy,sample_00242_path_1.csv,50
sample_00153,3,demo,,,,,sample_00153_gt.npy,sample_00153_obstacles.npy,sample_00153_path_3.csv,50
sample_00153,0,demo,,,,,sample_00153_gt.npy,sample_00153_obstacles.npy,sample_00153_path_0.csv,50
sample_00153,1,demo,,,,,sample_00153_gt.npy,sample_00153_obstacles.npy,sample_00153_path_1.csv,50
sample_00153,4,demo,,,,,sample_00153_gt.npy,sample_00153_obstacles.npy,sample_00153_path_4.csv,50
sample_00153,2,demo,,,,,sample_00153_gt.npy,sample_00153_obstacles.npy,sample_00153_path_2.csv,50
sample_00119,3,demo,,,,,sample_00119_gt.npy,sample_00119_obstacles.npy,sample_00119_path_3.csv,50
sample_00119,1,demo,,,,,sample_00119_gt.npy,sample_00119_obstacles.npy,sample_00119_path_1.csv,50
sample_00119,4,demo,,,,,sample_00119_gt.npy,sample_00119_obstacles.npy,sample_00119_path_4.csv,50
sample_00119,2,demo,,,,,sample_00119_gt.npy,sample_00119_obstacles.npy,sample_00119_path_2.csv,50
sample_00119,0,demo,,,,,sample_00119_gt.npy,sample_00119_obstacles.npy,sample_00119_path_0.csv,50
sample_00239,3,demo,,,,,sample_00239_gt.npy,sample_00239_obstacles.npy,sample_00239_path_3.csv,50
sample_00239,0,demo,,,,,sample_00239_gt.npy,sample_00239_obstacles.npy,sample_00239_path_0.csv,50
sample_00239,1,demo,,,,,sample_00239_gt.npy,sample_00239_obstacles.npy,sample_00239_path_1.csv,50
sample_00239,2,demo,,,,,sample_00239_gt.npy,sample_00239_obstacles.npy,sample_00239_path_2.csv,50
sample_00239,4,demo,,,,,sample_00239_gt.npy,sample_00239_obstacles.npy,sample_00239_path_4.csv,50
sample_00301,0,demo,,,,,sample_00301_gt.npy,sample_00301_obstacles.npy,sample_00301_path_0.csv,50
sample_00301,3,demo,,,,,sample_00301_gt.npy,sample_00301_obstacles.npy,sample_00301_path_3.csv,50
sample_00301,1,demo,,,,,sample_00301_gt.npy,sample_00301_obstacles.npy,sample_00301_path_1.csv,50
sample_00301,2,demo,,,,,sample_00301_gt.npy,sample_00301_obstacles.npy,sample_00301_path_2.csv,50
sample_00301,4,demo,,,,,sample_00301_gt.npy,sample_00301_obstacles.npy,sample_00301_path_4.csv,50
sample_00243,1,demo,,,,,sample_00243_gt.npy,sample_00243_obstacles.npy,sample_00243_path_1.csv,50
sample_00243,0,demo,,,,,sample_00243_gt.npy,sample_00243_obstacles.npy,sample_00243_path_0.csv,50
sample_00243,4,demo,,,,,sample_00243_gt.npy,sample_00243_obstacles.npy,sample_00243_path_4.csv,50
sample_00243,3,demo,,,,,sample_00243_gt.npy,sample_00243_obstacles.npy,sample_00243_path_3.csv,50
sample_00243,2,demo,,,,,sample_00243_gt.npy,sample_00243_obstacles.npy,sample_00243_path_2.csv,50
sample_00094,1,demo,,,,,sample_00094_gt.npy,sample_00094_obstacles.npy,sample_00094_path_1.csv,50
sample_00094,2,demo,,,,,sample_00094_gt.npy,sample_00094_obstacles.npy,sample_00094_path_2.csv,50
sample_00094,0,demo,,,,,sample_00094_gt.npy,sample_00094_obstacles.npy,sample_00094_path_0.csv,50
sample_00094,3,demo,,,,,sample_00094_gt.npy,sample_00094_obstacles.npy,sample_00094_path_3.csv,50
sample_00094,4,demo,,,,,sample_00094_gt.npy,sample_00094_obstacles.npy,sample_00094_path_4.csv,50
sample_00073,0,demo,,,,,sample_00073_gt.npy,sample_00073_obstacles.npy,sample_00073_path_0.csv,50
sample_00073,1,demo,,,,,sample_00073_gt.npy,sample_00073_obstacles.npy,sample_00073_path_1.csv,50
sample_00073,3,demo,,,,,sample_00073_gt.npy,sample_00073_obstacles.npy,sample_00073_path_3.csv,50
sample_00073,2,demo,,,,,sample_00073_gt.npy,sample_00073_obstacles.npy,sample_00073_path_2.csv,50
sample_00073,4,demo,,,,,sample_00073_gt.npy,sample_00073_obstacles.npy,sample_00073_path_4.csv,50
sample_00227,1,demo,,,,,sample_00227_gt.npy,sample_00227_obstacles.npy,sample_00227_path_1.csv,50
sample_00227,3,demo,,,,,sample_00227_gt.npy,sample_00227_obstacles.npy,sample_00227_path_3.csv,50
sample_00227,0,demo,,,,,sample_00227_gt.npy,sample_00227_obstacles.npy,sample_00227_path_0.csv,50
sample_00227,2,demo,,,,,sample_00227_gt.npy,sample_00227_obstacles.npy,sample_00227_path_2.csv,50
sample_00227,4,demo,,,,,sample_00227_gt.npy,sample_00227_obstacles.npy,sample_00227_path_4.csv,50
sample_00006,0,demo,,,,,sample_00006_gt.npy,sample_00006_obstacles.npy,sample_00006_path_0.csv,50
sample_00006,3,demo,,,,,sample_00006_gt.npy,sample_00006_obstacles.npy,sample_00006_path_3.csv,50
sample_00006,2,demo,,,,,sample_00006_gt.npy,sample_00006_obstacles.npy,sample_00006_path_2.csv,50
sample_00006,1,demo,,,,,sample_00006_gt.npy,sample_00006_obstacles.npy,sample_00006_path_1.csv,50
sample_00006,4,demo,,,,,sample_00006_gt.npy,sample_00006_obstacles.npy,sample_00006_path_4.csv,50
sample_00188,2,demo,,,,,sample_00188_gt.npy,sample_00188_obstacles.npy,sample_00188_path_2.csv,50
sample_00188,3,demo,,,,,sample_00188_gt.npy,sample_00188_obstacles.npy,sample_00188_path_3.csv,50
sample_00188,0,demo,,,,,sample_00188_gt.npy,sample_00188_obstacles.npy,sample_00188_path_0.csv,50
sample_00188,4,demo,,,,,sample_00188_gt.npy,sample_00188_obstacles.npy,sample_00188_path_4.csv,50
sample_00188,1,demo,,,,,sample_00188_gt.npy,sample_00188_obstacles.npy,sample_00188_path_1.csv,50
sample_00284,1,demo,,,,,sample_00284_gt.npy,sample_00284_obstacles.npy,sample_00284_path_1.csv,50
sample_00284,4,demo,,,,,sample_00284_gt.npy,sample_00284_obstacles.npy,sample_00284_path_4.csv,50
sample_00284,2,demo,,,,,sample_00284_gt.npy,sample_00284_obstacles.npy,sample_00284_path_2.csv,50
sample_00284,3,demo,,,,,sample_00284_gt.npy,sample_00284_obstacles.npy,sample_00284_path_3.csv,50
sample_00284,0,demo,,,,,sample_00284_gt.npy,sample_00284_obstacles.npy,sample_00284_path_0.csv,50
sample_00068,4,demo,,,,,sample_00068_gt.npy,sample_00068_obstacles.npy,sample_00068_path_4.csv,50
sample_00068,1,demo,,,,,sample_00068_gt.npy,sample_00068_obstacles.npy,sample_00068_path_1.csv,50
sample_00068,0,demo,,,,,sample_00068_gt.npy,sample_00068_obstacles.npy,sample_00068_path_0.csv,50
sample_00068,2,demo,,,,,sample_00068_gt.npy,sample_00068_obstacles.npy,sample_00068_path_2.csv,50
sample_00068,3,demo,,,,,sample_00068_gt.npy,sample_00068_obstacles.npy,sample_00068_path_3.csv,50
sample_00116,1,demo,,,,,sample_00116_gt.npy,sample_00116_obstacles.npy,sample_00116_path_1.csv,50
sample_00116,3,demo,,,,,sample_00116_gt.npy,sample_00116_obstacles.npy,sample_00116_path_3.csv,50
sample_00116,2,demo,,,,,sample_00116_gt.npy,sample_00116_obstacles.npy,sample_00116_path_2.csv,50
sample_00116,4,demo,,,,,sample_00116_gt.npy,sample_00116_obstacles.npy,sample_00116_path_4.csv,50
sample_00116,0,demo,,,,,sample_00116_gt.npy,sample_00116_obstacles.npy,sample_00116_path_0.csv,50
sample_00257,2,demo,,,,,sample_00257_gt.npy,sample_00257_obstacles.npy,sample_00257_path_2.csv,50
sample_00257,4,demo,,,,,sample_00257_gt.npy,sample_00257_obstacles.npy,sample_00257_path_4.csv,50
sample_00257,1,demo,,,,,sample_00257_gt.npy,sample_00257_obstacles.npy,sample_00257_path_1.csv,50
sample_00257,3,demo,,,,,sample_00257_gt.npy,sample_00257_obstacles.npy,sample_00257_path_3.csv,50
sample_00257,0,demo,,,,,sample_00257_gt.npy,sample_00257_obstacles.npy,sample_00257_path_0.csv,50
sample_00279,2,demo,,,,,sample_00279_gt.npy,sample_00279_obstacles.npy,sample_00279_path_2.csv,50
sample_00279,3,demo,,,,,sample_00279_gt.npy,sample_00279_obstacles.npy,sample_00279_path_3.csv,50
sample_00279,0,demo,,,,,sample_00279_gt.npy,sample_00279_obstacles.npy,sample_00279_path_0.csv,50
sample_00279,4,demo,,,,,sample_00279_gt.npy,sample_00279_obstacles.npy,sample_00279_path_4.csv,50
sample_00279,1,demo,,,,,sample_00279_gt.npy,sample_00279_obstacles.npy,sample_00279_path_1.csv,50
sample_00169,0,demo,,,,,sample_00169_gt.npy,sample_00169_obstacles.npy,sample_00169_path_0.csv,50
sample_00169,2,demo,,,,,sample_00169_gt.npy,sample_00169_obstacles.npy,sample_00169_path_2.csv,50
sample_00169,1,demo,,,,,sample_00169_gt.npy,sample_00169_obstacles.npy,sample_00169_path_1.csv,50
sample_00169,3,demo,,,,,sample_00169_gt.npy,sample_00169_obstacles.npy,sample_00169_path_3.csv,50
sample_00169,4,demo,,,,,sample_00169_gt.npy,sample_00169_obstacles.npy,sample_00169_path_4.csv,50
sample_00205,4,demo,,,,,sample_00205_gt.npy,sample_00205_obstacles.npy,sample_00205_path_4.csv,50
sample_00205,1,demo,,,,,sample_00205_gt.npy,sample_00205_obstacles.npy,sample_00205_path_1.csv,50
sample_00205,0,demo,,,,,sample_00205_gt.npy,sample_00205_obstacles.npy,sample_00205_path_0.csv,50
sample_00205,2,demo,,,,,sample_00205_gt.npy,sample_00205_obstacles.npy,sample_00205_path_2.csv,50
sample_00205,3,demo,,,,,sample_00205_gt.npy,sample_00205_obstacles.npy,sample_00205_path_3.csv,50
sample_00136,3,demo,,,,,sample_00136_gt.npy,sample_00136_obstacles.npy,sample_00136_path_3.csv,50
sample_00136,0,demo,,,,,sample_00136_gt.npy,sample_00136_obstacles.npy,sample_00136_path_0.csv,50
sample_00136,4,demo,,,,,sample_00136_gt.npy,sample_00136_obstacles.npy,sample_00136_path_4.csv,50
sample_00136,2,demo,,,,,sample_00136_gt.npy,sample_00136_obstacles.npy,sample_00136_path_2.csv,50
sample_00136,1,demo,,,,,sample_00136_gt.npy,sample_00136_obstacles.npy,sample_00136_path_1.csv,50
sample_00330,4,demo,,,,,sample_00330_gt.npy,sample_00330_obstacles.npy,sample_00330_path_4.csv,50
sample_00330,0,demo,,,,,sample_00330_gt.npy,sample_00330_obstacles.npy,sample_00330_path_0.csv,50
sample_00330,3,demo,,,,,sample_00330_gt.npy,sample_00330_obstacles.npy,sample_00330_path_3.csv,50
sample_00330,2,demo,,,,,sample_00330_gt.npy,sample_00330_obstacles.npy,sample_00330_path_2.csv,50
sample_00330,1,demo,,,,,sample_00330_gt.npy,sample_00330_obstacles.npy,sample_00330_path_1.csv,50
sample_00174,3,demo,,,,,sample_00174_gt.npy,sample_00174_obstacles.npy,sample_00174_path_3.csv,50
sample_00174,1,demo,,,,,sample_00174_gt.npy,sample_00174_obstacles.npy,sample_00174_path_1.csv,50
sample_00174,0,demo,,,,,sample_00174_gt.npy,sample_00174_obstacles.npy,sample_00174_path_0.csv,50
sample_00174,4,demo,,,,,sample_00174_gt.npy,sample_00174_obstacles.npy,sample_00174_path_4.csv,50
sample_00174,2,demo,,,,,sample_00174_gt.npy,sample_00174_obstacles.npy,sample_00174_path_2.csv,50
sample_00317,2,demo,,,,,sample_00317_gt.npy,sample_00317_obstacles.npy,sample_00317_path_2.csv,50
sample_00317,0,demo,,,,,sample_00317_gt.npy,sample_00317_obstacles.npy,sample_00317_path_0.csv,50
sample_00317,4,demo,,,,,sample_00317_gt.npy,sample_00317_obstacles.npy,sample_00317_path_4.csv,50
sample_00317,3,demo,,,,,sample_00317_gt.npy,sample_00317_obstacles.npy,sample_00317_path_3.csv,50
sample_00317,1,demo,,,,,sample_00317_gt.npy,sample_00317_obstacles.npy,sample_00317_path_1.csv,50
sample_00180,3,demo,,,,,sample_00180_gt.npy,sample_00180_obstacles.npy,sample_00180_path_3.csv,50
sample_00180,1,demo,,,,,sample_00180_gt.npy,sample_00180_obstacles.npy,sample_00180_path_1.csv,50
sample_00180,4,demo,,,,,sample_00180_gt.npy,sample_00180_obstacles.npy,sample_00180_path_4.csv,50
sample_00180,0,demo,,,,,sample_00180_gt.npy,sample_00180_obstacles.npy,sample_00180_path_0.csv,50
sample_00180,2,demo,,,,,sample_00180_gt.npy,sample_00180_obstacles.npy,sample_00180_path_2.csv,50
sample_00296,0,demo,,,,,sample_00296_gt.npy,sample_00296_obstacles.npy,sample_00296_path_0.csv,50
sample_00296,1,demo,,,,,sample_00296_gt.npy,sample_00296_obstacles.npy,sample_00296_path_1.csv,50
sample_00296,4,demo,,,,,sample_00296_gt.npy,sample_00296_obstacles.npy,sample_00296_path_4.csv,50
sample_00296,2,demo,,,,,sample_00296_gt.npy,sample_00296_obstacles.npy,sample_00296_path_2.csv,50
sample_00296,3,demo,,,,,sample_00296_gt.npy,sample_00296_obstacles.npy,sample_00296_path_3.csv,50
sample_00128,2,demo,,,,,sample_00128_gt.npy,sample_00128_obstacles.npy,sample_00128_path_2.csv,50
sample_00128,4,demo,,,,,sample_00128_gt.npy,sample_00128_obstacles.npy,sample_00128_path_4.csv,50
sample_00128,1,demo,,,,,sample_00128_gt.npy,sample_00128_obstacles.npy,sample_00128_path_1.csv,50
sample_00128,3,demo,,,,,sample_00128_gt.npy,sample_00128_obstacles.npy,sample_00128_path_3.csv,50
sample_00128,0,demo,,,,,sample_00128_gt.npy,sample_00128_obstacles.npy,sample_00128_path_0.csv,50
sample_00184,1,demo,,,,,sample_00184_gt.npy,sample_00184_obstacles.npy,sample_00184_path_1.csv,50
sample_00184,3,demo,,,,,sample_00184_gt.npy,sample_00184_obstacles.npy,sample_00184_path_3.csv,50
sample_00184,2,demo,,,,,sample_00184_gt.npy,sample_00184_obstacles.npy,sample_00184_path_2.csv,50
sample_00184,4,demo,,,,,sample_00184_gt.npy,sample_00184_obstacles.npy,sample_00184_path_4.csv,50
sample_00184,0,demo,,,,,sample_00184_gt.npy,sample_00184_obstacles.npy,sample_00184_path_0.csv,50
sample_00056,0,demo,,,,,sample_00056_gt.npy,sample_00056_obstacles.npy,sample_00056_path_0.csv,50
sample_00056,1,demo,,,,,sample_00056_gt.npy,sample_00056_obstacles.npy,sample_00056_path_1.csv,50
sample_00056,3,demo,,,,,sample_00056_gt.npy,sample_00056_obstacles.npy,sample_00056_path_3.csv,50
sample_00056,4,demo,,,,,sample_00056_gt.npy,sample_00056_obstacles.npy,sample_00056_path_4.csv,50
sample_00056,2,demo,,,,,sample_00056_gt.npy,sample_00056_obstacles.npy,sample_00056_path_2.csv,50
sample_00030,4,demo,,,,,sample_00030_gt.npy,sample_00030_obstacles.npy,sample_00030_path_4.csv,50
sample_00030,1,demo,,,,,sample_00030_gt.npy,sample_00030_obstacles.npy,sample_00030_path_1.csv,50
sample_00030,3,demo,,,,,sample_00030_gt.npy,sample_00030_obstacles.npy,sample_00030_path_3.csv,50
sample_00030,2,demo,,,,,sample_00030_gt.npy,sample_00030_obstacles.npy,sample_00030_path_2.csv,50
sample_00030,0,demo,,,,,sample_00030_gt.npy,sample_00030_obstacles.npy,sample_00030_path_0.csv,50
sample_00325,2,demo,,,,,sample_00325_gt.npy,sample_00325_obstacles.npy,sample_00325_path_2.csv,50
sample_00325,3,demo,,,,,sample_00325_gt.npy,sample_00325_obstacles.npy,sample_00325_path_3.csv,50
sample_00325,4,demo,,,,,sample_00325_gt.npy,sample_00325_obstacles.npy,sample_00325_path_4.csv,50
sample_00325,0,demo,,,,,sample_00325_gt.npy,sample_00325_obstacles.npy,sample_00325_path_0.csv,50
sample_00325,1,demo,,,,,sample_00325_gt.npy,sample_00325_obstacles.npy,sample_00325_path_1.csv,50
sample_00334,3,demo,,,,,sample_00334_gt.npy,sample_00334_obstacles.npy,sample_00334_path_3.csv,50
sample_00334,0,demo,,,,,sample_00334_gt.npy,sample_00334_obstacles.npy,sample_00334_path_0.csv,50
sample_00334,4,demo,,,,,sample_00334_gt.npy,sample_00334_obstacles.npy,sample_00334_path_4.csv,50
sample_00334,2,demo,,,,,sample_00334_gt.npy,sample_00334_obstacles.npy,sample_00334_path_2.csv,50
sample_00334,1,demo,,,,,sample_00334_gt.npy,sample_00334_obstacles.npy,sample_00334_path_1.csv,50
sample_00221,0,demo,,,,,sample_00221_gt.npy,sample_00221_obstacles.npy,sample_00221_path_0.csv,50
sample_00221,3,demo,,,,,sample_00221_gt.npy,sample_00221_obstacles.npy,sample_00221_path_3.csv,50
sample_00221,2,demo,,,,,sample_00221_gt.npy,sample_00221_obstacles.npy,sample_00221_path_2.csv,50
sample_00221,4,demo,,,,,sample_00221_gt.npy,sample_00221_obstacles.npy,sample_00221_path_4.csv,50
sample_00221,1,demo,,,,,sample_00221_gt.npy,sample_00221_obstacles.npy,sample_00221_path_1.csv,50
sample_00004,0,demo,,,,,sample_00004_gt.npy,sample_00004_obstacles.npy,sample_00004_path_0.csv,50
sample_00004,2,demo,,,,,sample_00004_gt.npy,sample_00004_obstacles.npy,sample_00004_path_2.csv,50
sample_00004,3,demo,,,,,sample_00004_gt.npy,sample_00004_obstacles.npy,sample_00004_path_3.csv,50
sample_00004,4,demo,,,,,sample_00004_gt.npy,sample_00004_obstacles.npy,sample_00004_path_4.csv,50
sample_00004,1,demo,,,,,sample_00004_gt.npy,sample_00004_obstacles.npy,sample_00004_path_1.csv,50
sample_00335,2,demo,,,,,sample_00335_gt.npy,sample_00335_obstacles.npy,sample_00335_path_2.csv,50
sample_00335,4,demo,,,,,sample_00335_gt.npy,sample_00335_obstacles.npy,sample_00335_path_4.csv,50
sample_00335,3,demo,,,,,sample_00335_gt.npy,sample_00335_obstacles.npy,sample_00335_path_3.csv,50
sample_00335,1,demo,,,,,sample_00335_gt.npy,sample_00335_obstacles.npy,sample_00335_path_1.csv,50
sample_00335,0,demo,,,,,sample_00335_gt.npy,sample_00335_obstacles.npy,sample_00335_path_0.csv,50
sample_00172,2,demo,,,,,sample_00172_gt.npy,sample_00172_obstacles.npy,sample_00172_path_2.csv,50
sample_00172,0,demo,,,,,sample_00172_gt.npy,sample_00172_obstacles.npy,sample_00172_path_0.csv,50
sample_00172,3,demo,,,,,sample_00172_gt.npy,sample_00172_obstacles.npy,sample_00172_path_3.csv,50
sample_00172,1,demo,,,,,sample_00172_gt.npy,sample_00172_obstacles.npy,sample_00172_path_1.csv,50
sample_00172,4,demo,,,,,sample_00172_gt.npy,sample_00172_obstacles.npy,sample_00172_path_4.csv,50
sample_00109,2,demo,,,,,sample_00109_gt.npy,sample_00109_obstacles.npy,sample_00109_path_2.csv,50
sample_00109,3,demo,,,,,sample_00109_gt.npy,sample_00109_obstacles.npy,sample_00109_path_3.csv,50
sample_00109,4,demo,,,,,sample_00109_gt.npy,sample_00109_obstacles.npy,sample_00109_path_4.csv,50
sample_00109,0,demo,,,,,sample_00109_gt.npy,sample_00109_obstacles.npy,sample_00109_path_0.csv,50
sample_00109,1,demo,,,,,sample_00109_gt.npy,sample_00109_obstacles.npy,sample_00109_path_1.csv,50
sample_00171,1,demo,,,,,sample_00171_gt.npy,sample_00171_obstacles.npy,sample_00171_path_1.csv,50
sample_00171,2,demo,,,,,sample_00171_gt.npy,sample_00171_obstacles.npy,sample_00171_path_2.csv,50
sample_00171,4,demo,,,,,sample_00171_gt.npy,sample_00171_obstacles.npy,sample_00171_path_4.csv,50
sample_00171,3,demo,,,,,sample_00171_gt.npy,sample_00171_obstacles.npy,sample_00171_path_3.csv,50
sample_00171,0,demo,,,,,sample_00171_gt.npy,sample_00171_obstacles.npy,sample_00171_path_0.csv,50
sample_00147,1,demo,,,,,sample_00147_gt.npy,sample_00147_obstacles.npy,sample_00147_path_1.csv,50
sample_00147,0,demo,,,,,sample_00147_gt.npy,sample_00147_obstacles.npy,sample_00147_path_0.csv,50
sample_00147,2,demo,,,,,sample_00147_gt.npy,sample_00147_obstacles.npy,sample_00147_path_2.csv,50
sample_00147,4,demo,,,,,sample_00147_gt.npy,sample_00147_obstacles.npy,sample_00147_path_4.csv,50
sample_00147,3,demo,,,,,sample_00147_gt.npy,sample_00147_obstacles.npy,sample_00147_path_3.csv,50
sample_00292,3,demo,,,,,sample_00292_gt.npy,sample_00292_obstacles.npy,sample_00292_path_3.csv,50
sample_00292,1,demo,,,,,sample_00292_gt.npy,sample_00292_obstacles.npy,sample_00292_path_1.csv,50
sample_00292,4,demo,,,,,sample_00292_gt.npy,sample_00292_obstacles.npy,sample_00292_path_4.csv,50
sample_00292,0,demo,,,,,sample_00292_gt.npy,sample_00292_obstacles.npy,sample_00292_path_0.csv,50
sample_00292,2,demo,,,,,sample_00292_gt.npy,sample_00292_obstacles.npy,sample_00292_path_2.csv,50
sample_00138,2,demo,,,,,sample_00138_gt.npy,sample_00138_obstacles.npy,sample_00138_path_2.csv,50
sample_00138,0,demo,,,,,sample_00138_gt.npy,sample_00138_obstacles.npy,sample_00138_path_0.csv,50
sample_00138,4,demo,,,,,sample_00138_gt.npy,sample_00138_obstacles.npy,sample_00138_path_4.csv,50
sample_00138,1,demo,,,,,sample_00138_gt.npy,sample_00138_obstacles.npy,sample_00138_path_1.csv,50
sample_00138,3,demo,,,,,sample_00138_gt.npy,sample_00138_obstacles.npy,sample_00138_path_3.csv,50
sample_00269,0,demo,,,,,sample_00269_gt.npy,sample_00269_obstacles.npy,sample_00269_path_0.csv,50
sample_00269,1,demo,,,,,sample_00269_gt.npy,sample_00269_obstacles.npy,sample_00269_path_1.csv,50
sample_00269,3,demo,,,,,sample_00269_gt.npy,sample_00269_obstacles.npy,sample_00269_path_3.csv,50
sample_00269,2,demo,,,,,sample_00269_gt.npy,sample_00269_obstacles.npy,sample_00269_path_2.csv,50
sample_00269,4,demo,,,,,sample_00269_gt.npy,sample_00269_obstacles.npy,sample_00269_path_4.csv,50
sample_00282,4,demo,,,,,sample_00282_gt.npy,sample_00282_obstacles.npy,sample_00282_path_4.csv,50
sample_00282,3,demo,,,,,sample_00282_gt.npy,sample_00282_obstacles.npy,sample_00282_path_3.csv,50
sample_00282,1,demo,,,,,sample_00282_gt.npy,sample_00282_obstacles.npy,sample_00282_path_1.csv,50
sample_00282,0,demo,,,,,sample_00282_gt.npy,sample_00282_obstacles.npy,sample_00282_path_0.csv,50
sample_00282,2,demo,,,,,sample_00282_gt.npy,sample_00282_obstacles.npy,sample_00282_path_2.csv,50
sample_00199,0,demo,,,,,sample_00199_gt.npy,sample_00199_obstacles.npy,sample_00199_path_0.csv,50
sample_00199,3,demo,,,,,sample_00199_gt.npy,sample_00199_obstacles.npy,sample_00199_path_3.csv,50
sample_00199,4,demo,,,,,sample_00199_gt.npy,sample_00199_obstacles.npy,sample_00199_path_4.csv,50
sample_00199,2,demo,,,,,sample_00199_gt.npy,sample_00199_obstacles.npy,sample_00199_path_2.csv,50
sample_00199,1,demo,,,,,sample_00199_gt.npy,sample_00199_obstacles.npy,sample_00199_path_1.csv,50
sample_00303,3,demo,,,,,sample_00303_gt.npy,sample_00303_obstacles.npy,sample_00303_path_3.csv,50
sample_00303,2,demo,,,,,sample_00303_gt.npy,sample_00303_obstacles.npy,sample_00303_path_2.csv,50
sample_00303,0,demo,,,,,sample_00303_gt.npy,sample_00303_obstacles.npy,sample_00303_path_0.csv,50
sample_00303,4,demo,,,,,sample_00303_gt.npy,sample_00303_obstacles.npy,sample_00303_path_4.csv,50
sample_00303,1,demo,,,,,sample_00303_gt.npy,sample_00303_obstacles.npy,sample_00303_path_1.csv,50
sample_00071,3,demo,,,,,sample_00071_gt.npy,sample_00071_obstacles.npy,sample_00071_path_3.csv,50
sample_00071,2,demo,,,,,sample_00071_gt.npy,sample_00071_obstacles.npy,sample_00071_path_2.csv,50
sample_00071,4,demo,,,,,sample_00071_gt.npy,sample_00071_obstacles.npy,sample_00071_path_4.csv,50
sample_00071,0,demo,,,,,sample_00071_gt.npy,sample_00071_obstacles.npy,sample_00071_path_0.csv,50
sample_00071,1,demo,,,,,sample_00071_gt.npy,sample_00071_obstacles.npy,sample_00071_path_1.csv,50
sample_00058,1,demo,,,,,sample_00058_gt.npy,sample_00058_obstacles.npy,sample_00058_path_1.csv,50
sample_00058,4,demo,,,,,sample_00058_gt.npy,sample_00058_obstacles.npy,sample_00058_path_4.csv,50
sample_00058,3,demo,,,,,sample_00058_gt.npy,sample_00058_obstacles.npy,sample_00058_path_3.csv,50
sample_00058,0,demo,,,,,sample_00058_gt.npy,sample_00058_obstacles.npy,sample_00058_path_0.csv,50
sample_00058,2,demo,,,,,sample_00058_gt.npy,sample_00058_obstacles.npy,sample_00058_path_2.csv,50
sample_00342,4,demo,,,,,sample_00342_gt.npy,sample_00342_obstacles.npy,sample_00342_path_4.csv,50
sample_00342,1,demo,,,,,sample_00342_gt.npy,sample_00342_obstacles.npy,sample_00342_path_1.csv,50
sample_00342,0,demo,,,,,sample_00342_gt.npy,sample_00342_obstacles.npy,sample_00342_path_0.csv,50
sample_00342,2,demo,,,,,sample_00342_gt.npy,sample_00342_obstacles.npy,sample_00342_path_2.csv,50
sample_00342,3,demo,,,,,sample_00342_gt.npy,sample_00342_obstacles.npy,sample_00342_path_3.csv,50
sample_00259,2,demo,,,,,sample_00259_gt.npy,sample_00259_obstacles.npy,sample_00259_path_2.csv,50
sample_00259,3,demo,,,,,sample_00259_gt.npy,sample_00259_obstacles.npy,sample_00259_path_3.csv,50
sample_00259,1,demo,,,,,sample_00259_gt.npy,sample_00259_obstacles.npy,sample_00259_path_1.csv,50
sample_00259,4,demo,,,,,sample_00259_gt.npy,sample_00259_obstacles.npy,sample_00259_path_4.csv,50
sample_00259,0,demo,,,,,sample_00259_gt.npy,sample_00259_obstacles.npy,sample_00259_path_0.csv,50
sample_00309,4,demo,,,,,sample_00309_gt.npy,sample_00309_obstacles.npy,sample_00309_path_4.csv,50
sample_00309,0,demo,,,,,sample_00309_gt.npy,sample_00309_obstacles.npy,sample_00309_path_0.csv,50
sample_00309,3,demo,,,,,sample_00309_gt.npy,sample_00309_obstacles.npy,sample_00309_path_3.csv,50
sample_00309,2,demo,,,,,sample_00309_gt.npy,sample_00309_obstacles.npy,sample_00309_path_2.csv,50
sample_00309,1,demo,,,,,sample_00309_gt.npy,sample_00309_obstacles.npy,sample_00309_path_1.csv,50
sample_00318,4,demo,,,,,sample_00318_gt.npy,sample_00318_obstacles.npy,sample_00318_path_4.csv,50
sample_00318,1,demo,,,,,sample_00318_gt.npy,sample_00318_obstacles.npy,sample_00318_path_1.csv,50
sample_00318,0,demo,,,,,sample_00318_gt.npy,sample_00318_obstacles.npy,sample_00318_path_0.csv,50
sample_00318,2,demo,,,,,sample_00318_gt.npy,sample_00318_obstacles.npy,sample_00318_path_2.csv,50
sample_00318,3,demo,,,,,sample_00318_gt.npy,sample_00318_obstacles.npy,sample_00318_path_3.csv,50
sample_00253,0,demo,,,,,sample_00253_gt.npy,sample_00253_obstacles.npy,sample_00253_path_0.csv,50
sample_00253,4,demo,,,,,sample_00253_gt.npy,sample_00253_obstacles.npy,sample_00253_path_4.csv,50
sample_00253,3,demo,,,,,sample_00253_gt.npy,sample_00253_obstacles.npy,sample_00253_path_3.csv,50
sample_00253,1,demo,,,,,sample_00253_gt.npy,sample_00253_obstacles.npy,sample_00253_path_1.csv,50
sample_00253,2,demo,,,,,sample_00253_gt.npy,sample_00253_obstacles.npy,sample_00253_path_2.csv,50
sample_00024,0,demo,,,,,sample_00024_gt.npy,sample_00024_obstacles.npy,sample_00024_path_0.csv,50
sample_00024,2,demo,,,,,sample_00024_gt.npy,sample_00024_obstacles.npy,sample_00024_path_2.csv,50
sample_00024,3,demo,,,,,sample_00024_gt.npy,sample_00024_obstacles.npy,sample_00024_path_3.csv,50
sample_00024,4,demo,,,,,sample_00024_gt.npy,sample_00024_obstacles.npy,sample_00024_path_4.csv,50
sample_00024,1,demo,,,,,sample_00024_gt.npy,sample_00024_obstacles.npy,sample_00024_path_1.csv,50
sample_00012,3,demo,,,,,sample_00012_gt.npy,sample_00012_obstacles.npy,sample_00012_path_3.csv,50
sample_00012,1,demo,,,,,sample_00012_gt.npy,sample_00012_obstacles.npy,sample_00012_path_1.csv,50
sample_00012,0,demo,,,,,sample_00012_gt.npy,sample_00012_obstacles.npy,sample_00012_path_0.csv,50
sample_00012,2,demo,,,,,sample_00012_gt.npy,sample_00012_obstacles.npy,sample_00012_path_2.csv,50
sample_00012,4,demo,,,,,sample_00012_gt.npy,sample_00012_obstacles.npy,sample_00012_path_4.csv,50
sample_00307,2,demo,,,,,sample_00307_gt.npy,sample_00307_obstacles.npy,sample_00307_path_2.csv,50
sample_00307,4,demo,,,,,sample_00307_gt.npy,sample_00307_obstacles.npy,sample_00307_path_4.csv,50
sample_00307,1,demo,,,,,sample_00307_gt.npy,sample_00307_obstacles.npy,sample_00307_path_1.csv,50
sample_00307,0,demo,,,,,sample_00307_gt.npy,sample_00307_obstacles.npy,sample_00307_path_0.csv,50
sample_00307,3,demo,,,,,sample_00307_gt.npy,sample_00307_obstacles.npy,sample_00307_path_3.csv,50
sample_00148,4,demo,,,,,sample_00148_gt.npy,sample_00148_obstacles.npy,sample_00148_path_4.csv,50
sample_00148,2,demo,,,,,sample_00148_gt.npy,sample_00148_obstacles.npy,sample_00148_path_2.csv,50
sample_00148,1,demo,,,,,sample_00148_gt.npy,sample_00148_obstacles.npy,sample_00148_path_1.csv,50
sample_00148,3,demo,,,,,sample_00148_gt.npy,sample_00148_obstacles.npy,sample_00148_path_3.csv,50
sample_00148,0,demo,,,,,sample_00148_gt.npy,sample_00148_obstacles.npy,sample_00148_path_0.csv,50
sample_00043,0,demo,,,,,sample_00043_gt.npy,sample_00043_obstacles.npy,sample_00043_path_0.csv,50
sample_00043,4,demo,,,,,sample_00043_gt.npy,sample_00043_obstacles.npy,sample_00043_path_4.csv,50
sample_00043,3,demo,,,,,sample_00043_gt.npy,sample_00043_obstacles.npy,sample_00043_path_3.csv,50
sample_00043,1,demo,,,,,sample_00043_gt.npy,sample_00043_obstacles.npy,sample_00043_path_1.csv,50
sample_00043,2,demo,,,,,sample_00043_gt.npy,sample_00043_obstacles.npy,sample_00043_path_2.csv,50
sample_00186,2,demo,,,,,sample_00186_gt.npy,sample_00186_obstacles.npy,sample_00186_path_2.csv,50
sample_00186,0,demo,,,,,sample_00186_gt.npy,sample_00186_obstacles.npy,sample_00186_path_0.csv,50
sample_00186,1,demo,,,,,sample_00186_gt.npy,sample_00186_obstacles.npy,sample_00186_path_1.csv,50
sample_00186,3,demo,,,,,sample_00186_gt.npy,sample_00186_obstacles.npy,sample_00186_path_3.csv,50
sample_00186,4,demo,,,,,sample_00186_gt.npy,sample_00186_obstacles.npy,sample_00186_path_4.csv,50
sample_00229,1,demo,,,,,sample_00229_gt.npy,sample_00229_obstacles.npy,sample_00229_path_1.csv,50
sample_00229,4,demo,,,,,sample_00229_gt.npy,sample_00229_obstacles.npy,sample_00229_path_4.csv,50
sample_00229,3,demo,,,,,sample_00229_gt.npy,sample_00229_obstacles.npy,sample_00229_path_3.csv,50
sample_00229,0,demo,,,,,sample_00229_gt.npy,sample_00229_obstacles.npy,sample_00229_path_0.csv,50
sample_00229,2,demo,,,,,sample_00229_gt.npy,sample_00229_obstacles.npy,sample_00229_path_2.csv,50
sample_00003,3,demo,,,,,sample_00003_gt.npy,sample_00003_obstacles.npy,sample_00003_path_3.csv,50
sample_00003,0,demo,,,,,sample_00003_gt.npy,sample_00003_obstacles.npy,sample_00003_path_0.csv,50
sample_00003,4,demo,,,,,sample_00003_gt.npy,sample_00003_obstacles.npy,sample_00003_path_4.csv,50
sample_00003,1,demo,,,,,sample_00003_gt.npy,sample_00003_obstacles.npy,sample_00003_path_1.csv,50
sample_00003,2,demo,,,,,sample_00003_gt.npy,sample_00003_obstacles.npy,sample_00003_path_2.csv,50
sample_00151,2,demo,,,,,sample_00151_gt.npy,sample_00151_obstacles.npy,sample_00151_path_2.csv,50
sample_00151,3,demo,,,,,sample_00151_gt.npy,sample_00151_obstacles.npy,sample_00151_path_3.csv,50
sample_00151,1,demo,,,,,sample_00151_gt.npy,sample_00151_obstacles.npy,sample_00151_path_1.csv,50
sample_00151,0,demo,,,,,sample_00151_gt.npy,sample_00151_obstacles.npy,sample_00151_path_0.csv,50
sample_00151,4,demo,,,,,sample_00151_gt.npy,sample_00151_obstacles.npy,sample_00151_path_4.csv,50
sample_00095,0,demo,,,,,sample_00095_gt.npy,sample_00095_obstacles.npy,sample_00095_path_0.csv,50
sample_00095,4,demo,,,,,sample_00095_gt.npy,sample_00095_obstacles.npy,sample_00095_path_4.csv,50
sample_00095,3,demo,,,,,sample_00095_gt.npy,sample_00095_obstacles.npy,sample_00095_path_3.csv,50
sample_00095,2,demo,,,,,sample_00095_gt.npy,sample_00095_obstacles.npy,sample_00095_path_2.csv,50
sample_00095,1,demo,,,,,sample_00095_gt.npy,sample_00095_obstacles.npy,sample_00095_path_1.csv,50
sample_00204,3,demo,,,,,sample_00204_gt.npy,sample_00204_obstacles.npy,sample_00204_path_3.csv,50
sample_00204,2,demo,,,,,sample_00204_gt.npy,sample_00204_obstacles.npy,sample_00204_path_2.csv,50
sample_00204,0,demo,,,,,sample_00204_gt.npy,sample_00204_obstacles.npy,sample_00204_path_0.csv,50
sample_00204,4,demo,,,,,sample_00204_gt.npy,sample_00204_obstacles.npy,sample_00204_path_4.csv,50
sample_00204,1,demo,,,,,sample_00204_gt.npy,sample_00204_obstacles.npy,sample_00204_path_1.csv,50
sample_00168,4,demo,,,,,sample_00168_gt.npy,sample_00168_obstacles.npy,sample_00168_path_4.csv,50
sample_00168,3,demo,,,,,sample_00168_gt.npy,sample_00168_obstacles.npy,sample_00168_path_3.csv,50
sample_00168,1,demo,,,,,sample_00168_gt.npy,sample_00168_obstacles.npy,sample_00168_path_1.csv,50
sample_00168,2,demo,,,,,sample_00168_gt.npy,sample_00168_obstacles.npy,sample_00168_path_2.csv,50
sample_00168,0,demo,,,,,sample_00168_gt.npy,sample_00168_obstacles.npy,sample_00168_path_0.csv,50
sample_00323,2,demo,,,,,sample_00323_gt.npy,sample_00323_obstacles.npy,sample_00323_path_2.csv,50
sample_00323,3,demo,,,,,sample_00323_gt.npy,sample_00323_obstacles.npy,sample_00323_path_3.csv,50
sample_00323,4,demo,,,,,sample_00323_gt.npy,sample_00323_obstacles.npy,sample_00323_path_4.csv,50
sample_00323,1,demo,,,,,sample_00323_gt.npy,sample_00323_obstacles.npy,sample_00323_path_1.csv,50
sample_00323,0,demo,,,,,sample_00323_gt.npy,sample_00323_obstacles.npy,sample_00323_path_0.csv,50
sample_00179,3,demo,,,,,sample_00179_gt.npy,sample_00179_obstacles.npy,sample_00179_path_3.csv,50
sample_00179,4,demo,,,,,sample_00179_gt.npy,sample_00179_obstacles.npy,sample_00179_path_4.csv,50
sample_00179,2,demo,,,,,sample_00179_gt.npy,sample_00179_obstacles.npy,sample_00179_path_2.csv,50
sample_00179,1,demo,,,,,sample_00179_gt.npy,sample_00179_obstacles.npy,sample_00179_path_1.csv,50
sample_00179,0,demo,,,,,sample_00179_gt.npy,sample_00179_obstacles.npy,sample_00179_path_0.csv,50
sample_00160,3,demo,,,,,sample_00160_gt.npy,sample_00160_obstacles.npy,sample_00160_path_3.csv,50
sample_00160,4,demo,,,,,sample_00160_gt.npy,sample_00160_obstacles.npy,sample_00160_path_4.csv,50
sample_00160,2,demo,,,,,sample_00160_gt.npy,sample_00160_obstacles.npy,sample_00160_path_2.csv,50
sample_00160,0,demo,,,,,sample_00160_gt.npy,sample_00160_obstacles.npy,sample_00160_path_0.csv,50
sample_00160,1,demo,,,,,sample_00160_gt.npy,sample_00160_obstacles.npy,sample_00160_path_1.csv,50
sample_00078,2,demo,,,,,sample_00078_gt.npy,sample_00078_obstacles.npy,sample_00078_path_2.csv,50
sample_00078,1,demo,,,,,sample_00078_gt.npy,sample_00078_obstacles.npy,sample_00078_path_1.csv,50
sample_00078,0,demo,,,,,sample_00078_gt.npy,sample_00078_obstacles.npy,sample_00078_path_0.csv,50
sample_00078,4,demo,,,,,sample_00078_gt.npy,sample_00078_obstacles.npy,sample_00078_path_4.csv,50
sample_00078,3,demo,,,,,sample_00078_gt.npy,sample_00078_obstacles.npy,sample_00078_path_3.csv,50
sample_00298,4,demo,,,,,sample_00298_gt.npy,sample_00298_obstacles.npy,sample_00298_path_4.csv,50
sample_00298,3,demo,,,,,sample_00298_gt.npy,sample_00298_obstacles.npy,sample_00298_path_3.csv,50
sample_00298,1,demo,,,,,sample_00298_gt.npy,sample_00298_obstacles.npy,sample_00298_path_1.csv,50
sample_00298,0,demo,,,,,sample_00298_gt.npy,sample_00298_obstacles.npy,sample_00298_path_0.csv,50
sample_00298,2,demo,,,,,sample_00298_gt.npy,sample_00298_obstacles.npy,sample_00298_path_2.csv,50
sample_00051,3,demo,,,,,sample_00051_gt.npy,sample_00051_obstacles.npy,sample_00051_path_3.csv,50
sample_00051,4,demo,,,,,sample_00051_gt.npy,sample_00051_obstacles.npy,sample_00051_path_4.csv,50
sample_00051,2,demo,,,,,sample_00051_gt.npy,sample_00051_obstacles.npy,sample_00051_path_2.csv,50
sample_00051,1,demo,,,,,sample_00051_gt.npy,sample_00051_obstacles.npy,sample_00051_path_1.csv,50
sample_00051,0,demo,,,,,sample_00051_gt.npy,sample_00051_obstacles.npy,sample_00051_path_0.csv,50
sample_00107,0,demo,,,,,sample_00107_gt.npy,sample_00107_obstacles.npy,sample_00107_path_0.csv,50
sample_00107,2,demo,,,,,sample_00107_gt.npy,sample_00107_obstacles.npy,sample_00107_path_2.csv,50
sample_00107,1,demo,,,,,sample_00107_gt.npy,sample_00107_obstacles.npy,sample_00107_path_1.csv,50
sample_00107,4,demo,,,,,sample_00107_gt.npy,sample_00107_obstacles.npy,sample_00107_path_4.csv,50
sample_00107,3,demo,,,,,sample_00107_gt.npy,sample_00107_obstacles.npy,sample_00107_path_3.csv,50
sample_00104,0,demo,,,,,sample_00104_gt.npy,sample_00104_obstacles.npy,sample_00104_path_0.csv,50
sample_00104,1,demo,,,,,sample_00104_gt.npy,sample_00104_obstacles.npy,sample_00104_path_1.csv,50
sample_00104,4,demo,,,,,sample_00104_gt.npy,sample_00104_obstacles.npy,sample_00104_path_4.csv,50
sample_00104,3,demo,,,,,sample_00104_gt.npy,sample_00104_obstacles.npy,sample_00104_path_3.csv,50
sample_00104,2,demo,,,,,sample_00104_gt.npy,sample_00104_obstacles.npy,sample_00104_path_2.csv,50
sample_00039,0,demo,,,,,sample_00039_gt.npy,sample_00039_obstacles.npy,sample_00039_path_0.csv,50
sample_00039,3,demo,,,,,sample_00039_gt.npy,sample_00039_obstacles.npy,sample_00039_path_3.csv,50
sample_00039,2,demo,,,,,sample_00039_gt.npy,sample_00039_obstacles.npy,sample_00039_path_2.csv,50
sample_00039,4,demo,,,,,sample_00039_gt.npy,sample_00039_obstacles.npy,sample_00039_path_4.csv,50
sample_00039,1,demo,,,,,sample_00039_gt.npy,sample_00039_obstacles.npy,sample_00039_path_1.csv,50
sample_00008,1,demo,,,,,sample_00008_gt.npy,sample_00008_obstacles.npy,sample_00008_path_1.csv,50
sample_00008,2,demo,,,,,sample_00008_gt.npy,sample_00008_obstacles.npy,sample_00008_path_2.csv,50
sample_00008,3,demo,,,,,sample_00008_gt.npy,sample_00008_obstacles.npy,sample_00008_path_3.csv,50
sample_00008,0,demo,,,,,sample_00008_gt.npy,sample_00008_obstacles.npy,sample_00008_path_0.csv,50
sample_00008,4,demo,,,,,sample_00008_gt.npy,sample_00008_obstacles.npy,sample_00008_path_4.csv,50
sample_00063,4,demo,,,,,sample_00063_gt.npy,sample_00063_obstacles.npy,sample_00063_path_4.csv,50
sample_00063,1,demo,,,,,sample_00063_gt.npy,sample_00063_obstacles.npy,sample_00063_path_1.csv,50
sample_00063,3,demo,,,,,sample_00063_gt.npy,sample_00063_obstacles.npy,sample_00063_path_3.csv,50
sample_00063,0,demo,,,,,sample_00063_gt.npy,sample_00063_obstacles.npy,sample_00063_path_0.csv,50
sample_00063,2,demo,,,,,sample_00063_gt.npy,sample_00063_obstacles.npy,sample_00063_path_2.csv,50
sample_00200,4,demo,,,,,sample_00200_gt.npy,sample_00200_obstacles.npy,sample_00200_path_4.csv,50
sample_00200,3,demo,,,,,sample_00200_gt.npy,sample_00200_obstacles.npy,sample_00200_path_3.csv,50
sample_00200,0,demo,,,,,sample_00200_gt.npy,sample_00200_obstacles.npy,sample_00200_path_0.csv,50
sample_00200,2,demo,,,,,sample_00200_gt.npy,sample_00200_obstacles.npy,sample_00200_path_2.csv,50
sample_00200,1,demo,,,,,sample_00200_gt.npy,sample_00200_obstacles.npy,sample_00200_path_1.csv,50
sample_00289,1,demo,,,,,sample_00289_gt.npy,sample_00289_obstacles.npy,sample_00289_path_1.csv,50
sample_00289,4,demo,,,,,sample_00289_gt.npy,sample_00289_obstacles.npy,sample_00289_path_4.csv,50
sample_00289,2,demo,,,,,sample_00289_gt.npy,sample_00289_obstacles.npy,sample_00289_path_2.csv,50
sample_00289,3,demo,,,,,sample_00289_gt.npy,sample_00289_obstacles.npy,sample_00289_path_3.csv,50
sample_00289,0,demo,,,,,sample_00289_gt.npy,sample_00289_obstacles.npy,sample_00289_path_0.csv,50
sample_00337,1,demo,,,,,sample_00337_gt.npy,sample_00337_obstacles.npy,sample_00337_path_1.csv,50
sample_00337,0,demo,,,,,sample_00337_gt.npy,sample_00337_obstacles.npy,sample_00337_path_0.csv,50
sample_00337,4,demo,,,,,sample_00337_gt.npy,sample_00337_obstacles.npy,sample_00337_path_4.csv,50
sample_00337,3,demo,,,,,sample_00337_gt.npy,sample_00337_obstacles.npy,sample_00337_path_3.csv,50
sample_00337,2,demo,,,,,sample_00337_gt.npy,sample_00337_obstacles.npy,sample_00337_path_2.csv,50
sample_00341,2,demo,,,,,sample_00341_gt.npy,sample_00341_obstacles.npy,sample_00341_path_2.csv,50
sample_00341,1,demo,,,,,sample_00341_gt.npy,sample_00341_obstacles.npy,sample_00341_path_1.csv,50
sample_00341,3,demo,,,,,sample_00341_gt.npy,sample_00341_obstacles.npy,sample_00341_path_3.csv,50
sample_00341,0,demo,,,,,sample_00341_gt.npy,sample_00341_obstacles.npy,sample_00341_path_0.csv,50
sample_00341,4,demo,,,,,sample_00341_gt.npy,sample_00341_obstacles.npy,sample_00341_path_4.csv,50
sample_00332,1,demo,,,,,sample_00332_gt.npy,sample_00332_obstacles.npy,sample_00332_path_1.csv,50
sample_00332,4,demo,,,,,sample_00332_gt.npy,sample_00332_obstacles.npy,sample_00332_path_4.csv,50
sample_00332,0,demo,,,,,sample_00332_gt.npy,sample_00332_obstacles.npy,sample_00332_path_0.csv,50
sample_00332,2,demo,,,,,sample_00332_gt.npy,sample_00332_obstacles.npy,sample_00332_path_2.csv,50
sample_00332,3,demo,,,,,sample_00332_gt.npy,sample_00332_obstacles.npy,sample_00332_path_3.csv,50
sample_00009,0,demo,,,,,sample_00009_gt.npy,sample_00009_obstacles.npy,sample_00009_path_0.csv,50
sample_00009,1,demo,,,,,sample_00009_gt.npy,sample_00009_obstacles.npy,sample_00009_path_1.csv,50
sample_00009,4,demo,,,,,sample_00009_gt.npy,sample_00009_obstacles.npy,sample_00009_path_4.csv,50
sample_00009,3,demo,,,,,sample_00009_gt.npy,sample_00009_obstacles.npy,sample_00009_path_3.csv,50
sample_00009,2,demo,,,,,sample_00009_gt.npy,sample_00009_obstacles.npy,sample_00009_path_2.csv,50
sample_00139,4,demo,,,,,sample_00139_gt.npy,sample_00139_obstacles.npy,sample_00139_path_4.csv,50
sample_00139,1,demo,,,,,sample_00139_gt.npy,sample_00139_obstacles.npy,sample_00139_path_1.csv,50
sample_00139,0,demo,,,,,sample_00139_gt.npy,sample_00139_obstacles.npy,sample_00139_path_0.csv,50
sample_00139,2,demo,,,,,sample_00139_gt.npy,sample_00139_obstacles.npy,sample_00139_path_2.csv,50
sample_00139,3,demo,,,,,sample_00139_gt.npy,sample_00139_obstacles.npy,sample_00139_path_3.csv,50
sample_00142,1,demo,,,,,sample_00142_gt.npy,sample_00142_obstacles.npy,sample_00142_path_1.csv,50
sample_00142,3,demo,,,,,sample_00142_gt.npy,sample_00142_obstacles.npy,sample_00142_path_3.csv,50
sample_00142,0,demo,,,,,sample_00142_gt.npy,sample_00142_obstacles.npy,sample_00142_path_0.csv,50
sample_00142,2,demo,,,,,sample_00142_gt.npy,sample_00142_obstacles.npy,sample_00142_path_2.csv,50
sample_00142,4,demo,,,,,sample_00142_gt.npy,sample_00142_obstacles.npy,sample_00142_path_4.csv,50
sample_00256,1,demo,,,,,sample_00256_gt.npy,sample_00256_obstacles.npy,sample_00256_path_1.csv,50
sample_00256,0,demo,,,,,sample_00256_gt.npy,sample_00256_obstacles.npy,sample_00256_path_0.csv,50
sample_00256,4,demo,,,,,sample_00256_gt.npy,sample_00256_obstacles.npy,sample_00256_path_4.csv,50
sample_00256,3,demo,,,,,sample_00256_gt.npy,sample_00256_obstacles.npy,sample_00256_path_3.csv,50
sample_00256,2,demo,,,,,sample_00256_gt.npy,sample_00256_obstacles.npy,sample_00256_path_2.csv,50
sample_00103,3,demo,,,,,sample_00103_gt.npy,sample_00103_obstacles.npy,sample_00103_path_3.csv,50
sample_00103,1,demo,,,,,sample_00103_gt.npy,sample_00103_obstacles.npy,sample_00103_path_1.csv,50
sample_00103,2,demo,,,,,sample_00103_gt.npy,sample_00103_obstacles.npy,sample_00103_path_2.csv,50
sample_00103,4,demo,,,,,sample_00103_gt.npy,sample_00103_obstacles.npy,sample_00103_path_4.csv,50
sample_00103,0,demo,,,,,sample_00103_gt.npy,sample_00103_obstacles.npy,sample_00103_path_0.csv,50
sample_00164,1,demo,,,,,sample_00164_gt.npy,sample_00164_obstacles.npy,sample_00164_path_1.csv,50
sample_00164,2,demo,,,,,sample_00164_gt.npy,sample_00164_obstacles.npy,sample_00164_path_2.csv,50
sample_00164,4,demo,,,,,sample_00164_gt.npy,sample_00164_obstacles.npy,sample_00164_path_4.csv,50
sample_00164,0,demo,,,,,sample_00164_gt.npy,sample_00164_obstacles.npy,sample_00164_path_0.csv,50
sample_00164,3,demo,,,,,sample_00164_gt.npy,sample_00164_obstacles.npy,sample_00164_path_3.csv,50
sample_00322,1,demo,,,,,sample_00322_gt.npy,sample_00322_obstacles.npy,sample_00322_path_1.csv,50
sample_00322,4,demo,,,,,sample_00322_gt.npy,sample_00322_obstacles.npy,sample_00322_path_4.csv,50
sample_00322,3,demo,,,,,sample_00322_gt.npy,sample_00322_obstacles.npy,sample_00322_path_3.csv,50
sample_00322,0,demo,,,,,sample_00322_gt.npy,sample_00322_obstacles.npy,sample_00322_path_0.csv,50
sample_00322,2,demo,,,,,sample_00322_gt.npy,sample_00322_obstacles.npy,sample_00322_path_2.csv,50
sample_00123,1,demo,,,,,sample_00123_gt.npy,sample_00123_obstacles.npy,sample_00123_path_1.csv,50
sample_00123,0,demo,,,,,sample_00123_gt.npy,sample_00123_obstacles.npy,sample_00123_path_0.csv,50
sample_00123,3,demo,,,,,sample_00123_gt.npy,sample_00123_obstacles.npy,sample_00123_path_3.csv,50
sample_00123,4,demo,,,,,sample_00123_gt.npy,sample_00123_obstacles.npy,sample_00123_path_4.csv,50
sample_00123,2,demo,,,,,sample_00123_gt.npy,sample_00123_obstacles.npy,sample_00123_path_2.csv,50
sample_00214,4,demo,,,,,sample_00214_gt.npy,sample_00214_obstacles.npy,sample_00214_path_4.csv,50
sample_00214,2,demo,,,,,sample_00214_gt.npy,sample_00214_obstacles.npy,sample_00214_path_2.csv,50
sample_00214,3,demo,,,,,sample_00214_gt.npy,sample_00214_obstacles.npy,sample_00214_path_3.csv,50
sample_00214,0,demo,,,,,sample_00214_gt.npy,sample_00214_obstacles.npy,sample_00214_path_0.csv,50
sample_00214,1,demo,,,,,sample_00214_gt.npy,sample_00214_obstacles.npy,sample_00214_path_1.csv,50
sample_00266,1,demo,,,,,sample_00266_gt.npy,sample_00266_obstacles.npy,sample_00266_path_1.csv,50
sample_00266,2,demo,,,,,sample_00266_gt.npy,sample_00266_obstacles.npy,sample_00266_path_2.csv,50
sample_00266,4,demo,,,,,sample_00266_gt.npy,sample_00266_obstacles.npy,sample_00266_path_4.csv,50
sample_00266,0,demo,,,,,sample_00266_gt.npy,sample_00266_obstacles.npy,sample_00266_path_0.csv,50
sample_00266,3,demo,,,,,sample_00266_gt.npy,sample_00266_obstacles.npy,sample_00266_path_3.csv,50
sample_00066,1,demo,,,,,sample_00066_gt.npy,sample_00066_obstacles.npy,sample_00066_path_1.csv,50
sample_00066,0,demo,,,,,sample_00066_gt.npy,sample_00066_obstacles.npy,sample_00066_path_0.csv,50
sample_00066,2,demo,,,,,sample_00066_gt.npy,sample_00066_obstacles.npy,sample_00066_path_2.csv,50
sample_00066,4,demo,,,,,sample_00066_gt.npy,sample_00066_obstacles.npy,sample_00066_path_4.csv,50
sample_00066,3,demo,,,,,sample_00066_gt.npy,sample_00066_obstacles.npy,sample_00066_path_3.csv,50
sample_00295,0,demo,,,,,sample_00295_gt.npy,sample_00295_obstacles.npy,sample_00295_path_0.csv,50
sample_00295,4,demo,,,,,sample_00295_gt.npy,sample_00295_obstacles.npy,sample_00295_path_4.csv,50
sample_00295,2,demo,,,,,sample_00295_gt.npy,sample_00295_obstacles.npy,sample_00295_path_2.csv,50
sample_00295,1,demo,,,,,sample_00295_gt.npy,sample_00295_obstacles.npy,sample_00295_path_1.csv,50
sample_00295,3,demo,,,,,sample_00295_gt.npy,sample_00295_obstacles.npy,sample_00295_path_3.csv,50
sample_00329,1,demo,,,,,sample_00329_gt.npy,sample_00329_obstacles.npy,sample_00329_path_1.csv,50
sample_00329,2,demo,,,,,sample_00329_gt.npy,sample_00329_obstacles.npy,sample_00329_path_2.csv,50
sample_00329,3,demo,,,,,sample_00329_gt.npy,sample_00329_obstacles.npy,sample_00329_path_3.csv,50
sample_00329,4,demo,,,,,sample_00329_gt.npy,sample_00329_obstacles.npy,sample_00329_path_4.csv,50
sample_00329,0,demo,,,,,sample_00329_gt.npy,sample_00329_obstacles.npy,sample_00329_path_0.csv,50
sample_00074,3,demo,,,,,sample_00074_gt.npy,sample_00074_obstacles.npy,sample_00074_path_3.csv,50
sample_00074,2,demo,,,,,sample_00074_gt.npy,sample_00074_obstacles.npy,sample_00074_path_2.csv,50
sample_00074,1,demo,,,,,sample_00074_gt.npy,sample_00074_obstacles.npy,sample_00074_path_1.csv,50
sample_00074,0,demo,,,,,sample_00074_gt.npy,sample_00074_obstacles.npy,sample_00074_path_0.csv,50
sample_00074,4,demo,,,,,sample_00074_gt.npy,sample_00074_obstacles.npy,sample_00074_path_4.csv,50
sample_00163,2,demo,,,,,sample_00163_gt.npy,sample_00163_obstacles.npy,sample_00163_path_2.csv,50
sample_00163,4,demo,,,,,sample_00163_gt.npy,sample_00163_obstacles.npy,sample_00163_path_4.csv,50
sample_00163,1,demo,,,,,sample_00163_gt.npy,sample_00163_obstacles.npy,sample_00163_path_1.csv,50
sample_00163,0,demo,,,,,sample_00163_gt.npy,sample_00163_obstacles.npy,sample_00163_path_0.csv,50
sample_00163,3,demo,,,,,sample_00163_gt.npy,sample_00163_obstacles.npy,sample_00163_path_3.csv,50
sample_00236,2,demo,,,,,sample_00236_gt.npy,sample_00236_obstacles.npy,sample_00236_path_2.csv,50
sample_00236,0,demo,,,,,sample_00236_gt.npy,sample_00236_obstacles.npy,sample_00236_path_0.csv,50
sample_00236,1,demo,,,,,sample_00236_gt.npy,sample_00236_obstacles.npy,sample_00236_path_1.csv,50
sample_00236,3,demo,,,,,sample_00236_gt.npy,sample_00236_obstacles.npy,sample_00236_path_3.csv,50
sample_00236,4,demo,,,,,sample_00236_gt.npy,sample_00236_obstacles.npy,sample_00236_path_4.csv,50
sample_00155,1,demo,,,,,sample_00155_gt.npy,sample_00155_obstacles.npy,sample_00155_path_1.csv,50
sample_00155,0,demo,,,,,sample_00155_gt.npy,sample_00155_obstacles.npy,sample_00155_path_0.csv,50
sample_00155,4,demo,,,,,sample_00155_gt.npy,sample_00155_obstacles.npy,sample_00155_path_4.csv,50
sample_00155,3,demo,,,,,sample_00155_gt.npy,sample_00155_obstacles.npy,sample_00155_path_3.csv,50
sample_00155,2,demo,,,,,sample_00155_gt.npy,sample_00155_obstacles.npy,sample_00155_path_2.csv,50
sample_00146,3,demo,,,,,sample_00146_gt.npy,sample_00146_obstacles.npy,sample_00146_path_3.csv,50
sample_00146,2,demo,,,,,sample_00146_gt.npy,sample_00146_obstacles.npy,sample_00146_path_2.csv,50
sample_00146,1,demo,,,,,sample_00146_gt.npy,sample_00146_obstacles.npy,sample_00146_path_1.csv,50
sample_00146,4,demo,,,,,sample_00146_gt.npy,sample_00146_obstacles.npy,sample_00146_path_4.csv,50
sample_00146,0,demo,,,,,sample_00146_gt.npy,sample_00146_obstacles.npy,sample_00146_path_0.csv,50
sample_00070,4,demo,,,,,sample_00070_gt.npy,sample_00070_obstacles.npy,sample_00070_path_4.csv,50
sample_00070,1,demo,,,,,sample_00070_gt.npy,sample_00070_obstacles.npy,sample_00070_path_1.csv,50
sample_00070,2,demo,,,,,sample_00070_gt.npy,sample_00070_obstacles.npy,sample_00070_path_2.csv,50
sample_00070,0,demo,,,,,sample_00070_gt.npy,sample_00070_obstacles.npy,sample_00070_path_0.csv,50
sample_00070,3,demo,,,,,sample_00070_gt.npy,sample_00070_obstacles.npy,sample_00070_path_3.csv,50
